"time","US.GA.524.sa","US.MA.506.sa","US.NC.517.sa","US.IL.602.sa","US.OH.510.sa","US.TX.623.sa","US.CO.751.sa","US.MI.505.sa","US.NV.839.sa","US.CA.803.sa","US.FL.528.sa","US.MN.613.sa","US.NY.501.sa","US.AZ.753.sa","US.OR.820.sa","US.CA.825.sa","US.CA.807.sa","US.WA.819.sa","US.FL.539.sa","US.MD.511.sa"
2004-01-01,30.3687753764191,26.6753469234627,50.3336013784848,24.3392005123197,40.0347695224328,51.1713900605899,50.6885881008037,21.1357242544404,21.2456422702934,32.2539217987733,33.1098215414415,26.8644967067755,32.3000229949892,21.2123185185797,29.6222603593724,22.3824183732269,44.7313980298814,39.1109888543621,35.1273483805054,37.6927425942356
2004-02-01,28.9264243931933,22.1779715851097,58.5784129617226,29.9362155433408,31.2174313568322,44.400664931385,47.0773281094343,24.801106378209,24.1253013474277,30.649264078074,30.0734300452071,26.4726881736478,34.3933133169243,27.293514779528,31.6128376486113,26.3507399375097,36.7539032246086,38.4913639978877,51.7820114314379,36.6375211753588
2004-03-01,30.4828309285354,28.972887785936,39.5911875016437,30.1684058095146,27.8821561625727,31.8609714730141,31.6773546252575,17.1967862664487,23.1522334726188,31.971968403042,34.9722972232397,25.176581550133,33.2540770930103,24.8903893329725,20.109473830818,29.7848960481511,42.7063265723584,21.0596281846307,25.1725357015982,41.7599087174823
2004-04-01,41.1497467198199,26.6791761698148,58.5373052302156,29.215378455123,19.8162395394529,40.9516582615882,46.4739876051067,22.9154105392173,23.4932467549424,29.9744254787513,35.3773607330584,17.9855895876042,37.483509267509,23.8375185056834,27.8655571123218,23.7782693122547,41.2380125206312,24.4587260288938,70.6320875999259,53.5052274513206
2004-05-01,41.4531321731703,23.1121004936113,26.6701015428417,38.0583076558483,22.105249392857,41.5233206114839,31.5923039284999,27.4229609178929,22.0941313067322,28.977601888159,31.7483495988833,24.1848834957783,32.9885961043736,25.7566389589753,26.3447210752665,31.0687589252868,48.9922657173392,38.5134347060059,27.6651561054156,43.2136801448224
2004-06-01,47.4817725053384,23.7214733101885,41.0052499804811,33.2480412930968,19.485959098135,43.4178707963338,44.8080103421991,33.698771627144,24.1907168812799,30.3956194939236,18.9735663488801,28.8103577321155,33.3292761512811,26.5805964395043,30.8081604227378,28.107016488497,51.5396737442494,47.8626071274835,35.6574346681144,53.8290543133444
2004-07-01,42.2112574348784,25.157362274918,41.0435987981653,31.9362438986701,32.9571166445741,41.7446015436671,42.4704329517013,26.8219440834897,23.614436163866,29.3296061086571,31.9807631379479,29.1212656663196,38.372178188422,28.8618965305837,27.4382490208326,25.3125025988202,51.3377862345649,46.0349975096729,50.8707528165563,41.7402583707368
2004-08-01,35.5693528998856,22.9547780052211,22.2904266318446,29.5469315002883,23.8516509953042,35.8175950816207,44.2246729712181,25.2029723517683,21.8543968594256,30.6162192456775,33.4314318386997,26.2468969476916,37.9495941761733,29.3125086699457,34.8652511833261,31.2540819006042,48.1116481317215,41.2928836691859,30.1872604557525,41.63224894714
2004-09-01,41.330614169914,19.6668449907344,57.9481449959204,36.2549855534187,31.7235680761538,53.5995490874449,33.6488607816696,21.5435865806265,23.7432353932936,29.5644785816443,26.0022942819688,12.9731182499395,36.056014344365,23.3934013739089,38.0577486527763,25.1462378509138,28.9851893982321,38.960642636907,33.5280362816889,36.7085221952499
2004-10-01,33.0242829737428,22.8418893952203,48.9474747717143,26.0532678979019,27.6366365744893,43.3945285949874,41.5898899915361,27.6419807104494,21.0787784383983,30.7784559988635,29.2603139085288,23.1867010786558,34.1062780113508,32.6529121420135,28.0329882075776,16.7617836569818,45.3450823233079,43.4917046080243,27.085561536112,47.0534017459422
2004-11-01,36.026083633337,21.6271580568633,48.9963639770292,24.2751452702207,28.4173727897317,38.5108027806974,40.4161915473195,23.0483912863659,24.2934121356182,30.1367594446031,24.4803716729178,19.992821629087,39.2505291822892,24.5246309916095,10.8843280434227,18.1700684591281,30.3496870538996,42.9760699082106,25.7115777131851,43.5856371084601
2004-12-01,40.689964128055,23.1371535228349,37.7981749086867,25.1416607607791,36.9053324857595,44.7766530640719,43.0320691364664,34.9959852613054,20.894664648563,29.1542370358773,36.3354861607855,21.6865444863648,33.4050502812923,24.5660433956397,27.2533571166256,13.2857296344788,47.6282062167847,56.0355875390919,27.0196726720297,41.9845472431481
2005-01-01,34.8149542113812,19.4437595490862,44.6676978534498,30.8918671893683,34.3556170625408,43.8061749894836,47.0027703934624,25.106764565919,22.7125409781652,29.2341990704333,34.1024785356025,11.157906684003,33.2462998393437,32.8024438561858,44.4339101627487,24.6148981896826,44.7663188978388,40.0103790767145,42.4171921527874,36.6703668908828
2005-02-01,41.5852350001983,23.7070710388679,53.8088491845667,29.9363921473532,30.6745101657403,38.0406658029772,50.5650548339461,24.8576379989344,21.6728635810961,29.0081679922185,37.8039647766539,18.3017554665984,35.6106177528254,22.5250218467018,33.472735318448,36.4403718788988,41.3542390650758,42.8355318665664,32.3566060196487,36.5096915735214
2005-03-01,30.4638039931524,21.0337168303942,57.2071776160562,37.2671513092072,37.8570879351744,49.3409798244146,49.777752498712,24.5955861462166,21.9998374597276,29.3930010611487,26.5157184679588,24.3841407319613,33.0893744370139,25.8867756343111,31.0774382134526,13.6979719303513,42.5358687134422,41.1909516211006,36.1873250765308,40.0096305631587
2005-04-01,32.3165015345864,20.6661621290492,34.4788475171977,25.4454993886018,29.948861234913,37.8580627574749,34.3908329702595,19.8599737186795,21.7212482687013,29.6013316636265,30.89923560086,29.6047780196003,28.6271946353628,26.6334649316449,17.9132981377307,24.0940858804142,45.8419033858897,41.3858615999652,36.2895946048852,32.0775226249276
2005-05-01,30.0370258765183,20.57765427543,50.0488086367391,29.8299375833697,50.7902978039042,55.0656697803121,36.6869764519815,22.418768626934,22.9865626713919,29.7892786548129,15.8710086025361,26.1332221864786,35.4121826331387,27.7141508556899,32.4240861249181,19.0131698054647,40.0608709676197,44.7350284035439,43.3285128230781,43.3049154285813
2005-06-01,35.7616432039151,25.5411338031405,65.9248959672994,34.2556969071763,45.5227742026499,58.0320263817944,34.8507953602177,31.3692408454855,17.0414195001336,28.7528369592002,34.03521504579,18.0145096850936,30.8247745295772,31.8589026623519,41.0780211246657,21.8087025336935,34.626762631224,38.5553957244294,37.4559188551959,37.7174549333259
2005-07-01,43.2008449388065,24.21828993052,50.724621790566,33.9321657956757,40.531588749318,43.6553221295863,34.7485699050181,25.107182664088,21.8879865306339,27.8128958910661,27.2415908407869,20.9430427497721,32.8152968265125,29.2848052059592,34.0612189357038,23.7545850704177,33.1479899434113,39.2216336350153,42.4186804330006,36.860643800719
2005-08-01,38.4643509153448,23.9335259815637,67.5853178875584,35.4559216343946,40.8552860659411,53.5885786531312,31.0514419878949,19.5620888314963,19.7228244683225,26.268090699081,28.2075283252621,23.745966549071,31.9892112887795,26.0494576657885,20.1852391716754,15.7794308531771,41.1091776149121,37.3444639205044,41.8881329765417,45.2747721575847
2005-09-01,35.1820488987779,26.585802451362,43.00856565731,23.1629286267551,43.4925860693149,37.5935264700466,31.3277152093705,23.571662734288,16.8081151085297,26.8373561920689,33.7288173366575,21.9969394538627,27.5419241637528,27.2933889300904,26.9193890546115,17.3443525490571,38.0938959858,37.9218169634952,27.038450873446,37.6037910611794
2005-10-01,31.7868662738729,12.7219412096436,34.0612210576993,25.0511969175811,45.4281092056782,42.330355705057,36.1176684932956,17.678619135677,17.2152832986816,25.6460635470994,21.4856429709777,19.9517254356068,26.6235667589296,19.0337607248258,24.9180248693603,21.542323344834,33.6430494136716,29.6814331138608,32.4545896396529,23.0254524567753
2005-11-01,32.3672230642528,23.4076328220479,46.310054482753,28.6886215971849,25.140607681784,46.5976117720878,38.1710147050915,26.4438640856006,15.5172486844455,25.400106505899,24.1215011603362,40.7108782052969,22.449226774755,26.5819874126067,25.3967945926215,24.7358463023731,36.8716348174576,36.1895328623091,32.6579659684518,32.6713220188973
2005-12-01,35.9843496666933,22.8918737154866,40.0096021395017,26.3985273744966,29.5647593583988,39.6806686627082,32.2742697594218,23.5564719699635,20.3699009500273,26.8809875742679,22.7170743999664,25.2434210119374,23.0888161475854,22.8111339932559,27.2531345487921,22.1893585231113,22.1415716577946,33.4753073011447,30.8257200452875,33.2904786391626
2006-01-01,38.3645869197235,28.6542152558077,58.0575647188445,29.0195888771292,34.2169650270926,50.8620525201938,29.492634708677,18.997808371488,17.6745319829562,26.9869925375814,24.1516920672867,26.0906311471281,25.8876405778227,28.7664924201493,22.2175906363526,20.2394840310235,40.3882383395992,36.2431896698519,29.8897826245349,37.4089216990197
2006-02-01,35.3287198036167,26.1087189374719,51.7548954495555,22.4524141731253,41.9062276148092,47.8919151296942,17.4366934911768,20.4591031158123,17.5215202633748,27.904662775003,19.4524947635947,24.1191379846313,23.2679977864591,23.3434909574478,29.7541331401649,22.9176301677454,36.4018186780291,38.446483623118,36.9802625357984,33.3277956714093
2006-03-01,32.3681485342384,24.1800148899142,45.3362697671139,23.9579043418788,37.3737147909271,47.1588332065632,31.676334445606,27.1146725147887,21.5392617933455,26.6377341084146,24.6152976483271,25.3951663803738,25.0243649398149,16.261455642808,30.1624229724227,26.7628834246037,40.5921648699004,35.6825527053931,28.0873274337977,32.8964784970726
2006-04-01,35.1689479917262,26.2115816157686,44.5514636429502,28.2722876657667,47.3538879878725,39.6022356406172,36.2498901455164,22.6370202662917,20.628235501954,28.2076956034395,22.65842931949,19.1537951184872,23.6782016082788,22.4531807695284,31.8445603444767,24.7821445486362,38.1500447672463,38.5715231729352,22.5432392372477,30.2543798764383
2006-05-01,35.0995241114962,30.2533111148253,48.1987167163008,25.71582372053,30.1787140330076,42.7796033714454,56.0477548594673,24.5311355357757,23.5355007221707,29.1195644111302,24.3558592800267,26.3855500294845,26.8538271448434,24.077947541157,33.4373514215621,23.9525378356154,42.4468193590246,35.3680990318485,35.0823737127759,38.6705787754884
2006-06-01,33.192246780966,26.9210192737181,45.9406821431371,25.188142659753,44.2284984561281,36.9687324351312,53.7698328977157,21.6638502912737,21.8742825399689,29.3851067043984,19.1428853863092,27.0409378027953,26.1392183543791,21.4604168956721,26.7014912251146,23.0642582161618,43.8999225574355,37.5815125534944,30.572449800761,35.0847798089236
2006-07-01,31.306856456699,29.3045001428297,69.7725026118248,27.9440494201293,35.0671887899047,47.5070172890646,56.9489733605777,26.1415366132306,20.3456713108439,31.1358946958162,25.353077351524,26.0094940510249,28.2445900456286,19.3697239136205,32.1691476789311,22.7940311102214,43.8249724199175,39.283526691951,22.6507312837739,36.8359418523003
2006-08-01,33.5063866785686,31.7135103757181,48.8071273693678,34.4707395437747,43.1374193490143,53.597247334364,63.0438026058522,31.5427578343862,26.7698435598353,32.2809430978321,30.2308479978837,26.7954118986828,26.7484352567273,24.7140750990153,44.0404103195685,25.6295323359243,48.9760327220189,40.2682511779471,32.2035526606723,39.1254062435903
2006-09-01,37.3576578608086,27.5095693775511,39.6385123255749,36.2551609353557,32.480594226685,47.9282887116435,56.8524795668414,29.8203951139392,26.3653321869218,31.2732538467415,25.7536054858562,35.1553843111081,28.5648202722956,31.4372572210095,32.4895969842922,29.4140394674867,44.194278827796,43.8668905489845,33.4934876855674,42.6937866913185
2006-10-01,39.2213928461688,32.2131701621601,37.9153266826077,29.0593835216756,31.2787960196804,38.9961877483944,35.0230788231694,29.6817551265794,29.4571708657167,33.5183217372638,26.4301058836756,30.1014796995789,31.3307483461341,18.807076601592,29.0704971670736,34.4196590050107,48.968660122946,37.0019002386428,42.1348970706386,34.0621240645063
2006-11-01,39.4675562231445,31.4879785308669,47.4050717871062,31.9988741635068,43.3233382725803,41.8140260038861,47.1528234071917,29.8848776076384,28.3803278035252,34.9941702667903,28.6239262051132,36.8158126383378,29.6887299666805,25.2542562267743,20.5590257481217,30.0835893597171,50.9928494761365,33.9032891465641,27.903766211016,37.4271689980488
2006-12-01,31.2747884839054,39.1380998203812,52.4445153912237,28.9124115812063,41.5412796653203,46.0245078252138,49.0093297838622,25.0128702802532,24.9297650753291,35.7211646048705,22.7839950226009,36.1914980608337,31.9508245456362,28.9632170438562,28.5504678381366,26.9622837137568,46.7878656226944,32.3612862528622,32.0241029303525,43.0613846826897
2007-01-01,33.9274517790894,38.3776856625761,52.0829687229069,26.2113251504184,34.2092870617672,43.5802456827363,47.0047929784765,39.7243780759705,31.0992601339046,38.2503808334607,25.2277116336789,36.6422525278335,31.9491235526862,25.1939057538651,30.549912339894,31.5696324255577,43.3829780789664,34.3263711595755,26.3514137326501,47.2630096503879
2007-02-01,42.7029928232028,36.8095075764465,42.8738108638715,29.9364071406059,37.8519325303087,45.977101046604,44.4648528943735,35.5557293840903,29.4390299031101,39.7484774294439,31.0924198028417,36.5947593033694,33.1623623019592,27.8262637954939,25.1055211981813,32.2656183379576,46.2604579508673,29.6936861368095,34.2352043578518,43.7266085512303
2007-03-01,49.2853081409327,62.7321646220049,60.5078933996634,39.043038903666,39.6749911474116,47.8470173542442,48.8716286020894,39.8906108278983,29.0711752057081,44.1649967386445,32.1442473467654,37.2091988968441,42.8884993381479,35.1375843113015,41.1296591130332,39.8992624434016,67.1176017573147,57.6165508211671,41.0355092449046,59.5810737218706
2007-04-01,47.7499067001898,47.0041066564772,56.1548507643274,49.004418353727,45.7954247830878,52.9813626119154,46.474440393793,42.82219711056,34.4182283346968,45.7875044359031,29.4246325353908,41.3338251424742,42.555793547219,33.8575258766708,43.7845096722886,45.7139355636702,80.1495188192039,49.8845282323455,43.0329091680486,59.487203232483
2007-05-01,43.1527532846321,44.258567640792,60.4495309388682,43.2028880703039,51.3765685847248,47.1622487063595,56.0462200743306,49.2546601942062,35.1992280294591,46.6257682525333,35.7898921397585,39.5489717334995,33.4795026381276,30.1927828277122,32.4244130695855,45.4955421825328,63.5766375303785,42.6234993303283,35.1731023329727,53.5234012874461
2007-06-01,41.6578356722678,46.2498667666111,56.0561281585654,40.3009047526066,44.988418060874,47.8618999186262,55.7614190003469,42.2684056534638,41.8984431454735,49.0121954817078,35.2656276777087,45.8700938962055,35.500639335064,30.7528878249208,35.945520951231,44.7926919317824,63.2880226660843,43.9111182264103,40.301002907376,55.9285891494484
2007-07-01,45.4990321983414,50.4728758170291,48.2363939799537,43.9118532687057,56.7277685200722,50.4051140913265,68.5323802879954,48.0837809119875,43.3304100781466,51.3593647810035,43.3211453658443,46.4991571400697,41.8165505143988,31.1505617948253,33.1157584530592,52.5983422819785,74.8755406042605,47.23949183045,44.3656984738884,68.8119872753672
2007-08-01,61.0538245785204,59.2723100894349,73.5687696490981,55.1535178937784,58.9014201908565,62.4237779021125,74.3361920382534,55.6131690354482,52.6809698971008,56.4328405566019,47.1715697505051,63.7318580211292,48.3143185395163,55.2562094478039,48.6287683194022,72.5341093540854,77.3869576968253,65.891271597581,74.3844295247764,73.343566623402
2007-09-01,58.3525211847059,62.3572563006084,76.7368801082456,55.3908719481235,60.7199930049985,61.4309384643715,80.0561505352612,50.908386269303,44.0385836859602,60.0528215253453,46.8243525832935,56.9955411522794,53.0856269120917,49.0371030659703,46.4149971048511,64.7802667219763,81.7841415461086,61.9076483738447,61.4998867510446,83.2707355761968
2007-10-01,55.2979335341985,57.0320494371413,81.9848162080829,50.1023617489599,54.2916086013205,67.9792798868436,60.1944720009132,46.8569662787394,49.4828726178905,59.9105057037408,46.7470741802972,66.656353944679,47.1367481726776,55.2994248212044,39.4517778303538,51.2203407525851,72.4333882830009,52.6952682993709,62.6822806897759,72.4209645928803
2007-11-01,57.3740321252406,70.2975097381952,68.3003178155805,58.4813026547099,87.2629042873269,76.4686442492816,68.4843052799638,59.8386354994307,49.8981145727163,64.5841567635982,55.1230794194458,60.7452309150213,60.3926297433245,58.4199209458955,60.465772365407,54.5222382271796,74.2634329623123,66.6622021528383,66.0030430896586,82.9173422738582
2007-12-01,55.3957074310419,57.0384419994677,68.8594743934955,52.7959693263211,61.6416206503261,58.6283985353198,75.3072432538736,56.2905366064236,58.026738674482,65.2012133784836,52.8408798257065,55.8428890203127,56.0093892613335,49.1633981372103,44.1223808335164,71.9032865432547,71.5726557844749,57.6302795690756,60.0021018602888,69.8378176937573
2008-01-01,56.2903260360076,68.3920194100219,63.1603139472702,56.1669310842595,69.6370985320665,62.8367570776303,76.498936132923,53.2688814467577,54.4401745089568,70.8961193350626,58.0010976670238,60.7298530855725,58.1431903485854,51.7495410814077,48.1399193931381,70.6414431925525,86.2617514720579,62.0672452820661,62.7751174565321,81.5540568303843
2008-02-01,60.0930553806129,77.9723369841155,61.1282337340543,61.7432772299187,58.1982550502942,75.594923924597,70.6219475995292,63.8966688053579,61.2659779419924,71.8338128838045,54.1474188903579,64.0059008162668,55.8198083989373,52.9978711390432,51.1411410249729,69.1796480325118,92.9250679342925,55.8001447172405,62.0563078904444,83.6292320052685
2008-03-01,61.0677430625055,76.8773278444714,70.011818060557,62.1142265100245,64.5387600183636,78.8212573665975,73.306300415899,62.7685244927985,67.3397084683566,74.8931593905685,64.3283403344095,73.2579805799864,65.2022750223833,62.4129340601539,51.1830002148826,72.9039457528917,91.4341283968119,69.5120185662628,74.9733091006262,89.1876915592465
2008-04-01,64.24271289085,76.8113557463881,69.6276704837576,59.3699738784527,72.8798290432376,71.9534862612816,75.288464355881,62.6272747306244,62.1098225105476,75.8188207608719,62.5917285129067,77.7754814804474,66.4571763160776,58.2607675327779,49.7537585866755,75.6223624881269,87.0941474974329,67.7584839964346,78.1262222722035,89.6835699668622
2008-05-01,73.6612833863754,81.2387659970465,72.8582488683007,65.8331632596179,65.7193187394515,66.1545284052604,82.5386963972714,52.6362024476223,63.7646359643585,79.4083584509735,66.3323016484227,77.5669586749118,66.0822174717401,59.3409983408431,57.7564780217814,76.0582672116642,88.5064571934676,70.4900727141872,62.1728362636992,75.321991563354
2008-06-01,73.374934592539,77.4130211639857,88.083657408972,68.5106424485789,71.3486622201946,68.379902604447,80.655021007245,52.6845992603553,69.9429202137436,79.2589715801882,69.1250474423542,71.2901819361617,69.4470237399434,65.7711965038763,52.379183529814,78.6655533550847,89.0681765581045,75.26652674723,68.5766105089632,77.8740314987206
2008-07-01,76.6287509083938,82.3940870835147,78.1331316573407,71.855115051954,69.4993634986538,81.3839491772658,80.1168147187329,59.3532039463433,69.0099949737173,83.1781933700896,73.0888885407476,82.6738290379779,64.3960892377104,69.1147636258333,55.8240937026924,76.674020482026,92.2906684001416,76.8680313135005,77.4502812107789,80.5450448138318
2008-08-01,70.8514068929662,75.0299421878772,73.0365438501375,58.1089407120498,66.8828009372757,66.7327185877464,67.7511218587766,65.1046845609344,63.1636413922427,79.3718299150605,66.1199307803129,61.1490273210054,63.3788763441465,60.3902361552685,38.5370287084823,76.1917913893034,79.1200274752737,62.1128955449064,64.8298382630844,60.9872656541503
2008-09-01,79.5700196047273,81.5782315474797,68.4118782962583,67.4780686116187,81.8104999214194,76.185369516743,84.6970181369838,71.9090324696845,71.6862319094485,82.9869265429236,78.3536991893462,65.2524724172355,70.0040872126027,67.3018199599475,54.7715480475305,99.8799194799352,90.6502894938344,81.1619602552666,90.5321690413661,71.0047628803934
2008-10-01,75.479268620087,90.5952591308369,80.0413965516589,76.1555005755569,90.4778369275205,78.562668013309,87.5525370785989,73.3193114347704,71.5892047953084,82.778305756643,89.9990698390932,77.6162367166084,86.0649795733457,75.4995102509763,75.7869616448899,77.4347882496913,87.1256354815035,89.3198921252031,71.3583883358021,79.9512936456214
2008-11-01,78.8330348349047,77.9796885362545,76.1557941884255,69.516646516104,68.8520256468608,78.8288194981881,83.0798369536458,68.0745857426738,73.2932411301982,81.9031683266688,87.3232243190234,76.753440583114,80.1693316578107,72.1929586479136,70.138741782698,75.7075659779868,85.5718106164852,85.972008913506,86.4549219994023,71.8080642448513
2008-12-01,85.4131201627617,84.0704176139388,82.3380422774454,74.1646977431095,81.8402926801963,85.0624958211751,84.8706846104472,76.9480759309754,67.0731125486281,82.6390127516119,89.8622409684643,74.0310745933905,79.4923865634017,77.0409345561419,60.990928496015,92.9167891511578,87.8539958369783,79.3440163680154,96.6524494031589,74.2985760663734
2009-01-01,81.2065634635456,77.4865548040805,73.6269567047885,72.0803326475439,80.241595769752,70.9354083058783,77.4215567399439,66.5719797198374,73.6522894027908,81.2440589412921,84.1950323172469,80.2240796428501,77.6468950908601,75.1263934638004,62.0271933158362,76.1191347982542,67.8921409644223,79.5631480497557,85.5105907426206,68.6787009699824
2009-02-01,88.4092227373445,77.1792907058517,85.5624541475684,85.1305620469532,91.1365313972895,90.0630780551676,83.7011716227375,88.9166468685482,78.7525709647319,82.3205161448885,96.1237964754148,92.2720380904537,88.9851456690628,93.1850346509982,79.0366717877752,86.8926920496636,81.8117728892585,86.9434922046538,88.9487905583265,83.7937062229807
2009-03-01,99.7355569441885,83.2660398472013,94.6758968819617,88.7352882766496,88.7317668262581,90.6515965182021,90.5001233164078,79.1418279332104,75.1728293437302,78.4971407073671,90.1058272325443,84.1334968610221,89.9671919547447,84.4873573950151,91.3982658289204,82.198063178227,73.9325586577393,86.9945684831002,99.9694894095607,69.9986013533332
2009-04-01,82.6387728186515,72.8901000414177,76.7770510811521,72.5622845447527,76.666170928123,80.0438798628556,72.4993344864849,76.3852533230718,73.9077549415766,76.6445677079662,81.1078749611792,84.6473860091634,71.5797844734412,75.1063574847352,68.6584909020538,68.8945385373242,63.5130437178578,71.4787895675191,82.9661811870126,62.4405794923165
2009-05-01,80.5749464106133,66.6011561825175,71.0702036004833,62.7472420790511,78.1519173249652,71.3378006401801,80.4989276537584,70.3615729161659,76.5411879096612,73.676657995554,83.8375252175278,68.8306453392899,65.9499917007815,69.8752770548193,51.6770261654028,69.1219191275112,62.2903103414723,75.4066718688176,78.9677196615428,55.922324864969
2009-06-01,79.2588115159249,66.7868506798042,69.8492850964301,71.5321763835538,77.0152612329054,58.3773173859046,64.7229451306648,68.9585340232161,70.6350488803532,73.1220203517768,72.3968214065198,67.6699349398918,65.8723997837987,67.4188964373012,58.5426427941171,80.7429208597014,61.1383933514978,75.2425865723761,79.3678929761819,50.3975035922374
2009-07-01,69.2010381215725,64.0271171004262,66.8000320082109,69.85860763576,58.5385783940919,62.9110724963653,67.5696278465699,66.9097897968349,75.7248813535903,69.2471115683586,72.6443902186985,60.5205703601411,59.056016413883,69.9444674506538,53.9315966809631,61.0903160826923,54.4755387163461,64.1025263269112,79.4248023052611,47.585331831902
2009-08-01,73.7141647179797,65.8317230285686,68.2807347821587,65.0034803096596,71.3212894059398,68.1008638746886,72.4573941905476,65.35087446399,69.6810053198645,66.456294169294,68.4266316439586,68.6437107216738,59.7605390493774,67.1010756938746,51.3828628474163,65.6966983033659,51.0446192550345,63.1727413857949,71.8943507565872,47.2777221644721
2009-09-01,66.2647108871431,59.0370033056875,75.6469984440721,63.4511766951263,60.5918274890935,63.11243095398,69.6143172345668,58.0023859600557,71.9554145816824,65.2112095913961,64.7121576027539,58.3016860295708,51.3047290865092,65.8524218881104,55.7014637346912,62.0942866095003,45.3099258071907,67.415064110906,70.0068916983547,37.6218187852967
2009-10-01,73.9341176428921,55.0519531918415,81.6404701921676,64.1309826261718,56.0114592636116,62.2946666239522,75.5116043725828,58.6569167319781,72.399063390656,61.5011094665273,66.6535647025109,60.064805719212,54.2293398684567,67.9032393681366,51.9077951713157,65.6453414539037,46.7359831960655,67.1084559521889,70.2362081580125,43.7556038041886
2009-11-01,69.1994537241354,56.9274174702369,76.9367767262722,65.1039148485245,78.0372306698036,58.0640392957518,74.0988846478992,57.8555701741467,74.3179489814215,60.8126097784672,74.8647223636612,66.4880874023499,54.8669392358181,64.3300148273234,82.2315584852519,61.9085720047228,44.1394682632938,70.3256282426064,81.5381229725911,42.9406710838928
2009-12-01,68.5327968776845,51.7928046568971,77.1751672179326,61.5934701132666,76.5969859493682,58.2044484367052,70.5272016530769,49.4982463510921,69.0261895649431,56.1282837998789,77.1443756372911,61.6595472446552,54.6563722433779,66.6806966872785,68.7750727632018,72.2228986884957,44.5996785618894,57.7492757176515,69.7245584667647,39.9690625207104
2010-01-01,67.7167547156862,55.5775844068177,70.6001140107598,59.9103369552069,57.7844649840676,56.3985491191436,63.5969593413595,68.0004998123893,70.971607855704,57.2786505516741,75.0592511979129,51.8813883108779,57.2027418909779,58.5725538971286,49.0666713734756,52.9924264590943,39.8744677789036,66.545178390638,75.514576677,38.7976621517456
2010-02-01,63.9399002721791,57.9040639312862,72.349588719699,63.6144910204956,73.0854580280627,59.7340413841433,58.4171337193106,54.6477796549496,71.7904442454406,55.7224994701705,75.9542802127561,63.3482827451744,56.4611913731676,62.431346558883,58.5812084582061,58.116752225008,42.86412580187,67.6724665582725,81.6164456181437,34.118018758471
2010-03-01,69.8174808446095,52.3707934965956,72.4911248786978,62.1159544908194,70.9972692514067,56.9682141391015,72.3995945626123,58.9371564257572,66.1427939054866,54.4317392923643,79.4740292891331,58.3869277671696,50.7651215169085,70.4886186776753,61.2382155564099,57.3416210938321,38.4419988818285,58.7334200172184,77.109671801051,34.4209172388198
2010-04-01,69.0024824334508,53.9014853277036,89.0373724361728,63.1377196026809,80.7875036918253,64.255943788954,65.992144947391,56.9192112211475,70.2274535213512,53.7183480059665,68.3952465289153,58.9614040293271,56.2210774860908,59.6681685699871,60.6968475156244,43.1148051721832,36.6919839564924,62.9431012296077,69.2838665799455,38.0253808369778
2010-05-01,64.099800833722,53.7619375348511,94.1093147897804,59.6608581975792,65.5463539119346,61.8291502161567,59.0992518797951,59.0975059724127,58.8905169634083,51.7561167902208,71.9220064123002,55.4799985618626,53.438738529663,69.3774728287645,63.83606510341,50.6696244981627,32.008064363394,63.8230887261014,71.5703610120697,32.4378757634079
2010-06-01,61.7780816981771,55.6911061839733,71.2224872479744,65.4864761417247,70.2943115055,61.8430992926328,68.7052287942035,59.631210999351,68.3289442791304,50.7205666792086,72.3379851231468,62.052360691335,56.6187644630833,60.1886322870272,59.5705814981769,49.4203386924978,35.838622272481,60.5979543008293,65.4144900909994,32.6408149542006
2010-07-01,61.5375036659141,54.2737169117205,87.9554366686241,63.8703878808297,69.3324559378473,45.3472324289503,61.7786866175511,55.1434097053482,60.0052849885712,50.1411481844634,72.8728468616005,59.5240634489943,56.2266029289249,62.4905828683218,56.7693702453271,64.9002903779749,30.129778449072,62.1109265198464,69.0879523415165,33.9863345348809
2010-08-01,64.71230022542,51.0796643855629,96.1584614793189,65.0033756774224,67.2942837250435,42.3683316106188,67.7533831861371,54.3074169188831,63.3119096319064,50.0698834289906,73.0918803337723,53.4617917045396,55.9474099365688,54.5441389168985,58.7222324035013,45.4389032588977,26.7360992418091,72.0415170321251,69.0255758126562,31.5328482562682
2010-09-01,65.4000801520488,54.245459097852,73.5869884758113,56.4021538513326,63.6022863702757,42.5561856624863,63.8134070195962,58.8063631023166,59.5332960253111,47.3314796947176,77.8254276198928,61.1863561232838,54.1429915870272,59.5270258286757,46.418554341511,47.4587550859442,27.9134806360761,70.7413293844785,77.4755671478844,34.3908331078458
2010-10-01,74.6000148478209,60.0709394626418,93.8750561223219,74.1517382652317,97.3205879878832,53.6353431780287,78.7930323152893,63.2898302196625,58.2224288869863,78.4258970262929,86.6608522671737,75.2721952763636,77.6070679750033,79.5279218800214,93.4327305715393,65.2291347203349,36.372220643667,78.5586138849131,98.2552874487097,46.9990428555025
2010-11-01,63.1116278386187,51.6363988373471,82.7366226565813,61.7944567544395,71.8951125183393,38.2971160853071,55.0133601398274,47.4024029496511,54.7223036657202,45.7582485043075,74.6554951828216,62.1963169669838,52.808935703874,58.4724446060781,64.0935304080677,45.9874664410147,29.9636768946618,56.8814022757298,79.0049344302285,30.9200908042934
2010-12-01,60.0576741415098,50.3411207704263,82.104229574479,59.0783755652646,67.1865129461446,37.7926628191114,54.9879958434033,54.3558566635239,52.3841968207181,44.9637700877103,62.1651847828226,52.8383519429596,55.5129709140081,55.5737155404852,59.6903129442577,44.5790824579499,25.9349248667746,55.2994311834191,66.9606745728645,28.9062209746656
2011-01-01,64.0394181301768,53.6170195844458,90.1405927455878,61.7817223001678,68.4512924243477,40.8420121905078,66.3626429371629,54.1064527618441,51.9937956514094,43.1507063281248,48.8264274472945,50.7604238763213,47.4609552157706,51.2623043190989,57.3985502244387,52.12750009551,87.6415153779924,66.5106911468981,69.1653813619729,65.7679876468678
2011-02-01,61.3041639898979,46.8499797628058,74.7372642445576,51.4532956057986,58.1679187340457,36.433315500453,54.057861104613,44.2044752452642,47.7982000561925,40.5904988389708,45.2397812567613,44.2860752493291,41.0193489181316,47.6119295891925,47.4237520216811,40.4535094328887,75.2897019079094,58.0409662164017,59.441582755366,63.2081675843681
2011-03-01,54.9400641872656,45.3494886040507,61.8217902608409,51.4686150598541,51.1850843172269,32.298518867807,49.774610689693,42.4017883948608,44.2708377428445,40.4876066822815,42.5983638889661,41.9321946619599,37.418247954793,43.8851172791507,47.5295571472748,37.7957740289194,69.8322669920096,47.7718227957913,61.2322423839226,55.7265868129443
2011-04-01,55.3958496895457,47.3194875591073,62.7067321001345,51.8287045115056,54.6098713456951,34.4558095675479,50.1903870551066,38.6109058603679,48.599602833865,38.7047424008061,42.6110831334884,46.6929742013617,40.4920971747398,42.8892834779033,46.765491658998,41.9657497017848,74.612094180616,57.2181972006519,60.455413836736,51.619714538889
2011-05-01,55.7894126313055,46.9752907824615,73.9961289193286,53.4883627170748,55.06751454191,32.5345263573574,56.0411078826063,41.5891555753892,42.6234522507831,38.5029381712518,44.3860247315853,43.8089387006695,42.2625216118377,40.6662282330372,46.6101633922406,40.9244117238645,77.842077969917,56.4252086121252,59.4939941769205,57.0693549318469
2011-06-01,60.1113385299062,43.596492028811,67.6528792140706,50.3738033581608,49.4196794516891,34.6227896044089,49.7858572381274,37.1169103890544,44.055472759721,37.471462548993,45.2613605675871,48.1275813389879,39.3015298561829,39.0164727308579,45.1920300243669,45.2771368975139,70.4558250957496,53.2535005732991,58.4369086957726,60.380653157524
2011-07-01,54.5885891704666,45.2433193579976,69.3650027992475,48.9005849544126,48.8356481965097,36.4939135569797,48.2649662763052,40.5600495623288,38.7853984578777,35.3411633151701,44.3209522617658,43.8614744154983,36.2483544300771,37.1576253358085,41.6300098067447,36.7406412170162,72.5553596309105,56.1642164861466,54.9222479701222,58.3053941688241
2011-08-01,61.6851572695893,45.4819242652274,61.8080524306095,52.199788829612,48.2462736534097,40.5748431845535,50.8160489115858,39.4572490420745,40.9582925541169,35.3481119907423,39.960598310157,41.9461351902821,35.1634664682333,39.7414304581263,44.0406882048045,39.6129967066279,69.3038049652321,49.3675419464832,45.3734774864164,53.8204764627546
2011-09-01,52.8807932832232,44.454056412495,71.9897568559932,50.3598318639908,46.6518626403849,39.5474465374485,56.8525098110398,39.8148935900937,36.4560843741995,33.8909752914416,46.8625864706485,41.4695472750103,38.7400593422135,38.8781887020786,42.7050746154624,39.0860933118479,70.252190035818,53.8710544892751,44.075010055006,53.0318273804388
2011-10-01,54.2414124705559,40.9225022449583,58.9863362864151,48.0991896633517,54.9230666730142,36.5512845936516,43.7735536386221,37.7118779397495,35.0389707529316,33.638648965341,39.767038822654,41.3456725692692,38.3052606853281,33.699463213659,41.5259819092752,32.0946245507469,66.1029575011087,48.2230196106344,45.3917082180331,53.5826168849811
2011-11-01,52.3026025294808,41.9426441725857,57.5834937723007,45.2431179555697,50.7931634529091,35.876827827277,41.5408939591976,41.5752912990567,33.0890423233393,32.267292272992,43.6966801265105,42.1181174540188,37.1636661065263,34.4989777749805,49.5836794132871,36.4999290160515,66.1105761031686,51.3367867612796,56.0247995474342,53.4154024223697
2011-12-01,53.9884979260971,42.7828271729496,59.1580675425848,50.2786287998617,45.2288386699191,37.5787844548965,47.8161687209696,33.8298861364972,28.5500887718929,32.2247657008628,38.5896580970818,45.44864338798,39.0919703287607,36.9391341853203,54.499413030264,36.7774549121723,71.098735536073,49.1929584423253,55.4051992943269,52.6984931134727
2012-01-01,52.4284993437775,40.1594241287603,54.3104878854281,45.8677697777106,40.6001489985888,36.55959255428,47.0076176444514,36.6898664608303,30.227629634562,31.3746131313319,42.978889143351,43.7270099307019,39.9341773401441,32.8419244365351,39.8083950837922,34.206601315985,64.3897435566072,45.2756292093246,52.8241080916976,52.2368223622287
2012-02-01,52.2438409070693,43.8580094326925,61.9116450336279,47.711399705123,46.538997084282,33.8739162462249,41.8511239757888,30.7993270249986,30.8807919924586,31.7643280540099,46.9334878189145,46.7654182497526,39.9197103545019,34.5660661271423,44.6346979645921,35.1666641301314,68.6381764297321,45.8444752318624,52.079707641406,53.549278692647
2012-03-01,45.9401019109822,40.518338361821,56.0400286792653,40.8205416547906,44.378022712908,32.3267977035384,40.7243935492309,29.4526388731266,27.6025830099302,29.4105656906237,33.8735718372252,37.7529725522153,31.9942339035259,28.0226134701771,38.3901276249194,33.7399909496942,57.6990386887859,41.2928531609745,50.3113954346256,44.1068160351442
2012-04-01,47.5763019656392,39.0606254963178,61.8310822961987,42.4045318993421,40.3832658211184,34.377410210908,40.895014207096,28.8675543370952,25.5782714744753,28.8570495246894,44.5849800965611,41.4818625709317,34.9280770886725,27.8987745217761,45.769489076422,32.9304230097798,52.3236431968786,40.2600303878773,46.7535249155308,44.1078898953135
2012-05-01,44.44141214575,39.7722040084078,55.2759282446204,41.1442997565669,47.9044181634107,28.3133641256697,39.7373219556216,24.9692589651486,25.1366322839841,27.8878173840708,37.7055269779534,37.0269605742853,34.1144050033095,26.5974181998981,39.5169727487461,30.0933452070784,55.8866525258044,39.87306640021,47.4139268738811,44.2754943033206
2012-06-01,40.5131671094497,39.4287988454519,54.7811979116317,38.2836671323831,47.5414131857811,32.573426638409,40.8239829512107,23.1972912067739,22.0493597543459,27.1992911822211,36.9690853044541,35.4185473052241,31.6705591069397,26.7558410793529,34.9213247896706,26.7992522425397,53.3891418531725,36.4977673599071,42.5454197117718,41.6215582722506
2012-07-01,41.25976514043,35.8397476600319,57.052238336018,39.9185969615929,43.8778271531205,29.6206279852177,34.7508524615896,26.813465454092,24.6479028115565,27.4740937499019,30.916264861031,35.9526263172919,33.7125122462896,24.2234145955487,35.9521366437757,29.7533235174486,53.9098587708622,43.3606304475871,46.4083119063415,42.8330680422124
2012-08-01,42.1227484703414,35.4512271634158,51.3733317462922,41.3661327177781,44.8538386542139,27.1675847317168,32.93700391212,25.4527027473043,23.1078211925038,26.2161287964492,27.4956272122186,37.0165873297858,30.2905254662378,24.0603941146681,32.112123350584,29.2239892094167,53.3041662838535,38.5281074928326,47.2928465591621,41.7521199857346
2012-09-01,40.2788127926635,33.9744474143422,48.7767230986587,39.2812591192988,38.7725873472901,29.2769834913124,40.6098321930514,23.0311007598094,21.4572825150005,25.6184795456538,32.0018484817694,35.1504532081064,32.5860013864238,21.264573603915,25.9940062126055,30.2334212408109,49.5222200105163,34.780247776136,52.5803284085881,43.6079282255868
2012-10-01,38.2554877311072,31.6233977015604,44.9458344638172,38.079291034508,38.2011818092126,24.8256082929289,32.8299286652391,27.1597053940173,22.6600278971036,25.0320259815022,33.8741624213609,34.7866137577862,26.6944840727682,24.2926067392137,30.1067608905922,23.381735775456,48.3276546563766,33.5886431294455,47.5997649346825,38.2906894333801
2012-11-01,37.9710643208493,31.5524933773422,50.2137994569488,35.312178264846,40.733053723466,26.5447909597538,32.5589532872747,23.1356908344646,20.7405372905546,24.0375451161631,25.755213135156,38.2101337917872,24.5801171485926,23.1725475240463,29.0259421957885,25.2087368739511,41.8514386102958,35.4744985912607,49.1492572237898,41.5151893766763
2012-12-01,35.9684206340012,31.3019504585069,53.2776251325945,38.9655250673566,39.9894875600661,26.1877626315473,32.2763026424727,26.6556288041759,21.1711510951471,22.8716389936076,28.6476907162171,34.7385057976765,27.7794541201359,20.165588312868,32.4404173812481,27.0073604431563,41.8350999045116,34.7317943337256,46.4700424523285,39.3275535934622
2013-01-01,34.6599780393002,33.2587887639382,48.3705995653154,41.1871574142186,39.7440983162688,25.3300429546906,32.2608841288459,22.2696063989879,19.0282722538254,22.4636664807232,33.6288961784076,33.1834990390037,28.054336655555,19.1271842715394,31.4762241313377,23.3249828804013,43.3172258147267,35.1402328432213,41.9489103728495,43.3137695277945
2013-02-01,32.1567249719855,30.0018813871889,42.2974862411003,35.5498561944116,40.4568040054044,23.9167407001209,30.5162742459279,21.7990652973184,17.951627488338,21.0493199528541,28.7683858589032,29.8453316845471,27.4578041776838,19.8269473064662,28.8270350371604,21.3239047393496,37.1491309197973,29.3579549561391,41.9140185762556,39.3759892584628
2013-03-01,36.9233714739819,31.9447627050472,43.9787267996195,34.6090234583028,39.2968110316891,23.0675882369321,33.4842163038538,24.8005407963937,19.2307194690793,20.8822214691596,31.8155278433154,29.8162749526068,29.3635550171816,16.6494400118435,30.1643182889397,22.0218785922068,40.0494977497627,37.5554876190674,34.2828631434481,39.6822209821216
2013-04-01,37.8638840515919,29.8560223225979,48.2949924503291,40.5191985672665,45.469429197273,27.6746654732691,35.3177787800961,29.4907104912775,19.2328469727407,20.5595384375684,32.4424025631211,34.5995753588763,31.4784470094994,22.9108979541587,31.8393195590506,22.4749319229729,37.587065338633,37.387486631267,42.8110314511828,40.3351985472052
2013-05-01,35.1987731069445,28.0037783228817,47.7082486375755,38.0579443523392,39.6368322186122,24.0335578068883,29.5476499159862,22.8324575394057,17.9070120979379,18.9753512557231,30.11693202645,31.1714684713675,29.5717941409579,17.4166491194246,23.3046414440793,19.2826303911738,32.213431491036,36.6895547514357,39.0471288914733,37.3616441389402
2013-06-01,29.2515982685717,27.7546870172781,40.9250150611548,35.2607100901389,34.9614257455025,25.7969182814485,25.8881136751665,22.2000654422761,17.0095825199973,18.4374537684175,29.0023708904803,29.4309391212743,29.4902541865468,17.2641860538454,29.7859787977642,17.7670103139308,31.4368752741524,32.2611110208275,38.1292317939289,32.6871615505869
2013-07-01,29.6367788258166,29.9156594303273,33.946990049227,33.9305260364887,33.923653974843,24.7199924166055,26.0630313520899,18.5208364397728,14.4940158970339,17.4775797568083,25.0381228149577,26.0318717685171,27.5899134009125,15.7650183030223,10.4069088945722,15.1320144467078,29.7233529614666,28.60821547232,35.0387305162684,32.1547541632173
2013-08-01,26.4706531489335,29.0889027990093,32.7041708918653,32.5022425497383,33.9125569085799,23.3778025982501,25.4089165134167,18.8905478994783,14.0332574673302,16.5783662275875,24.4614089191298,26.2278623107789,28.9555138252333,15.2652708418327,10.0920869274262,15.3760237745215,29.599951504474,26.677744382797,38.3749723372461,33.3677697205597
2013-09-01,27.6109778771238,27.6792596666188,34.4491741264662,30.2167688843186,32.7473393335863,23.135965384823,25.5270096427425,21.9468675158411,12.4187302347035,16.3781485258439,22.9729134674414,26.7810366858579,27.9866350542966,15.7078755436789,7.42660779494518,13.3098443581591,29.9593014320563,25.7208340151124,34.2864897180219,34.2277117334234
2013-10-01,24.3931472635561,28.1124435255777,34.41467866959,29.0610023431177,30.2454007608223,20.5361857541259,25.1693198327778,18.7795768660281,12.6632019998176,15.2778505252196,22.9406984271946,20.3209000406388,27.1619604791473,13.778652847181,7.26717898751815,14.9470231073101,27.0438512670772,24.1421436539544,37.9103027624732,33.8903817484345
2013-11-01,27.2465248698513,27.4418378436413,37.8840113019033,29.7948531079133,31.4093015977393,23.0140130233454,25.8224544860734,19.7168915927044,11.9087324167053,15.2799499590764,23.3616648836037,20.7815376623825,26.8979265888475,14.0608300139647,7.25678391312045,15.2100120017575,27.308239535189,24.1009128365,33.1639561046667,32.0112829621036
2013-12-01,26.3595735909793,25.3119774023244,36.7818675109156,31.4236101741685,24.8829292339794,23.605727200096,17.9313989642394,15.8059184812389,11.6340091159708,14.9423016422703,23.5759739164292,21.6600920546196,24.800720239113,14.1787855560856,7.78582133779205,11.2426571529907,26.5475335028146,25.106026041215,37.6167537431316,34.409549341877
2014-01-01,24.8772775800862,26.2521698614679,36.4902502891016,29.9543160043288,29.7292961903828,21.0272135562173,18.4351844805173,16.4949066031415,11.3932063875239,14.5810028034548,24.42894821066,20.8083150030719,24.7935603501727,15.4626757816616,11.1092824426541,13.2027718544794,24.0385082899645,23.1344410795036,31.9534818344842,31.714583990499
2014-02-01,22.9980982212654,26.0972230432641,36.5414410231517,27.1302465754824,30.5906018036285,20.3012900674179,22.6691184258266,16.3620285670262,11.58189689521,14.6703532562416,23.1073087574973,21.37517905919,24.6467563250885,13.4244825118577,8.36928735986113,13.4090522460656,27.0046707800365,24.9772549298902,30.7794531938838,30.9212691216951
2014-03-01,24.9769331289188,25.6551028588171,32.854316540177,27.5098519638799,34.6104597339954,22.0955520629497,19.9094559637466,18.3882368573894,10.122104758838,14.4522291159198,23.1111978452099,21.843042237925,24.8279015428442,13.6110483875446,8.22682908285559,12.5313526718552,27.2621703143561,25.6367259648303,31.2842768952495,28.7418064789897
2014-04-01,21.4104335311665,25.746421509976,30.1705597542587,30.1535888093503,31.7910379249262,21.0333134944166,19.5175564206926,17.453694466081,10.6599937464619,14.1045672041846,23.4445082343765,24.0268096238929,24.8750436689546,11.5267858280381,6.96483340440834,13.3159273497258,26.8883567686061,24.2961860891638,32.0812518233206,27.9265373723767
2014-05-01,23.0795599346761,26.6032208908433,35.5991048729057,27.771761466791,27.9887192743369,22.9045065461131,20.3773349844036,15.5290673387319,9.29067021012852,14.1021314874264,22.5646682139279,19.0329075423416,28.5378343552643,12.2968940828435,8.10582556392673,13.4573813852741,27.8911566331249,26.4653937834477,30.6748960019351,26.5250887319357
2014-06-01,23.60571469755,26.035294153627,33.0899118151501,31.2305143949109,33.7931549680263,22.9301166443037,17.9222900492876,15.1287718827717,10.6162923873437,13.7987221958799,22.2418504886394,20.7869261751018,27.8584624954577,12.5508554225107,6.16264017125387,12.6497618365451,27.2841089567782,27.0265071581754,31.9249004237499,28.6581543504576
2014-07-01,23.3783985901351,25.04585890905,33.4987794828044,26.9446118802647,30.8922325757292,20.8328411873742,21.2364411353775,15.7309085940261,9.2638931667618,13.7725809715603,26.8491040804149,18.1143011514859,26.2465579775657,12.8875296985909,7.56852707017761,12.9329735467675,26.6880438629642,21.7240696858543,30.2834257842677,25.2995549756373
2014-08-01,22.5364449439257,24.0647410642737,37.6696165767167,25.6080241692149,31.8905941300803,19.5425632550671,18.821620305463,16.0664789751512,10.049686354882,13.8643384740015,25.2332777170514,18.408153971045,24.2739118347806,13.2383454325789,8.25699449954796,13.254792115708,23.6175951216688,24.6980907828845,31.4574043405555,24.040137129134
2014-09-01,22.3319792968083,23.4536897661948,37.930648353928,25.1808613373125,32.9393152890128,20.1002926527829,20.8865496417037,14.6175291971341,10.3198120639344,13.729704943342,23.1190281357988,18.5002811305436,25.530396601126,11.1957166296587,9.28286463130417,12.2259781218406,23.7805315537261,19.6288679503722,32.1037528100706,24.8806052769865
2014-10-01,25.3745294833466,23.6597023914644,32.6199829332017,24.0507180773968,23.6123873753218,22.688882644948,21.8861934209394,14.5882781033157,10.4767294407854,14.0719344986562,25.9313805893458,20.4316642624961,27.6378487379044,10.5521253185881,7.26712710238019,12.8774159702911,26.2631912793558,23.0624560472336,29.2966198787383,24.0318251951889
2014-11-01,23.6721033482532,22.372460239454,33.7178986536133,26.4844008181717,25.3491441234228,20.6582175421683,22.454327820937,15.1221398244637,9.37694414517856,13.3845167015745,24.5304153232579,18.6532027889783,26.8569365520957,11.8480445321825,7.25700426848161,13.0838885821034,27.4306207366775,21.8462642008877,28.6029229030164,22.5137289726301
2014-12-01,23.9644022566234,24.434458321726,33.4813109082319,25.1387845278043,32.5375771931491,19.8195016944449,20.3221313157085,17.0652743674261,9.39490463883324,13.529808426482,24.6895817435779,20.5100712171665,26.7626967726619,12.9819781134965,7.78593669483721,12.331591805839,24.2686360365662,22.6669197555119,30.0723895136071,23.6681411274006
2015-01-01,23.0897475864385,22.662168843171,28.6848277954449,25.2740318927363,30.5565680502639,19.309246288666,21.2007382334159,13.5654559306884,10.4201922760209,13.7098117823234,20.8035202525028,21.6816110215727,27.2014367203303,11.9010778774441,7.40633849929337,11.4162302293084,26.7972891935278,22.208956380131,26.4905329634101,22.7814532019133
2015-02-01,21.1380218625407,23.5027646940723,26.7873489478223,26.1947038164709,24.1678322235546,18.4702830247702,19.1814721213682,15.4411294024176,10.1916731042085,13.3937138985297,23.1602661177317,21.3071134775382,25.1235498699974,11.6983240907972,6.50955230420916,13.3749318749384,25.1839658498036,21.4648105740772,28.0078481027176,22.4930012198712
2015-03-01,22.0237714254047,23.9083627978185,34.6688622029138,24.847630614583,25.7296049729519,21.1309406100922,20.8143469891623,13.8308165513745,10.7272264573189,13.4175303500856,22.1156689944404,19.1833739692669,24.8555761401714,13.393199643874,7.31292469009457,11.5410505976279,27.3692760991134,22.9057551779715,29.2725490306039,20.4800764096182
2015-04-01,23.4001762149071,24.9792522071472,31.8593048084017,23.5574497403975,27.5004098728939,19.1639222514901,21.3762454820816,14.7082929125731,10.3626056847193,12.8359852695144,21.672788805579,17.761967253389,25.4023118260912,10.5933298669963,7.95975969460628,10.7330419282518,25.9456644529713,20.5645146287581,28.1773027708968,23.1866287842204
2015-05-01,23.0425853603623,21.9287914438078,28.6762988133688,24.6858501681717,26.9088560769797,19.7336369303038,19.3581233369948,14.4464660505466,10.2270066398542,13.3139722324459,19.7621403558301,18.4624434601021,26.5249908460459,11.2345809561853,10.13213806558,11.6063830848375,23.7128775757811,21.3840725393401,26.9471418098869,22.5643525243073
2015-06-01,19.8249064861099,22.1963490655835,29.1965325974673,24.1783671784843,22.8639219795305,18.179787671761,21.9046059674209,16.1338579990637,9.62256193976918,13.1049146566182,23.8962813446142,21.7363544954957,27.2970965084107,10.6824395492574,9.24392610743892,10.6093820578062,25.2239931838504,18.7081363778084,25.7206172142272,25.6648361021713
2015-07-01,20.7082124676796,22.9655967043002,26.9089259381111,24.9485558971138,27.3399346063583,20.7675101920347,18.3405019609708,13.8479577164604,10.1810646748532,12.4116699375866,18.1882572868763,21.59795513458,25.7960910350031,10.9885087228506,8.51447664873938,9.89573174059622,23.6999018297359,23.7213761122674,28.3704066788383,27.2029742954218
2015-08-01,19.5611349649222,23.4501247277047,27.8283049149262,22.6533634758052,22.29515956771,18.6013808292061,15.0573352248887,14.1841757409638,8.84769615007952,12.7960065862969,20.2861188946095,18.2569440164631,26.1118717106267,10.3408937895574,8.25690236321201,12.2667863210054,22.4306552274798,20.7514115434969,26.5293665814278,26.7304101956197
2015-09-01,20.2280456228777,23.6645877389548,29.7218902185462,20.144737772792,23.6474369317893,17.0090146275012,16.2457442199864,15.6637768113696,9.3591418227161,11.9714102723148,17.9468444545993,20.5146293521486,24.5514416773866,11.128756569412,8.35430732125039,10.0407062583542,23.7286089588759,18.6400276843527,26.7323912885872,26.952947036337
2015-10-01,20.0515907993961,22.2765088152095,26.7402106776778,22.0465651967304,25.8356446189183,17.2873485277411,17.5089321651891,14.559623780859,8.89322507466849,11.9160865827675,15.9819052842939,18.3460600406845,25.5087352865209,11.4437598136999,6.22886684052747,9.74255827708822,20.1135627556576,19.8865532436977,21.7340927309574,27.2909748268598
2015-11-01,18.9414367171284,23.1523217760876,27.6585926073649,20.9668883770653,22.8147103320918,19.4781937625692,15.7181574950421,12.8340531334377,8.84157022832006,11.8434955646189,17.162108512128,16.3384162443329,26.3492534791774,9.54606260893946,4.83808281874674,9.973177640302,19.5419817306471,18.4163030340478,24.0297397204482,28.3983185513687
2015-12-01,17.9909337237544,21.503701572293,28.3051711465329,22.6248440449357,22.106818445115,19.7760341849736,19.1265861928965,12.2253950742199,8.57764466371423,11.3431894296547,17.2410629448198,16.9629670515265,26.0024180013188,9.48527718570954,5.19067055411701,10.9142485016988,20.6859640831241,22.632145568545,23.8028288605533,28.3521201526639
2016-01-01,18.6494977919982,23.6147209231236,26.6683479881665,20.5937218048484,21.7322871916901,17.5626358530064,14.7484835547909,15.4635760943986,8.85076203478239,11.6638108685886,16.1237227935754,16.9897453815246,24.2966012821323,9.25008756715325,4.6290455438447,10.4678746776477,20.3288868096644,20.3537962395704,23.7497370359159,22.8684801824052
2016-02-01,20.1877838331478,23.014837737858,26.7318043891841,20.5815717389264,23.1999116288893,18.4568261345932,17.437655366512,13.6193149602786,8.62865688911574,11.5382104797542,15.4743239822598,16.6926846142774,26.4749126338352,8.9029585038712,5.57965119927482,9.70199736493771,19.6398429393739,24.8391812686308,21.4839449630697,27.16420584893
2016-03-01,17.0511399629325,22.5490288412685,23.6897747042031,20.4105721353241,21.3012388106562,17.4423576249242,16.2894603796756,12.9344105270523,8.48831252483927,11.4254252796495,16.3312393714011,17.4113016826113,25.023192300607,9.80045514392586,4.5706622885306,10.5418085983059,17.4680960906523,18.3421836664342,21.2037461150669,26.0904135058423
2016-04-01,16.6057478608409,21.0403215607416,26.6019880971463,20.7305315981219,20.5767649425085,16.3103919471438,15.7997970414169,12.8823611574204,8.59395526767858,11.6895423397937,15.3771061424415,14.6646732940943,22.924950918455,10.5599735087638,5.9697955009519,9.84864242860223,18.3203556974397,20.5656565685222,22.3411176959441,24.1920479487049
2016-05-01,18.0265827077447,23.1509790381031,23.6656604679552,20.5714662302537,22.0502888579619,17.6338863398896,18.339029504159,14.4052204217682,8.68609941648715,11.0667178181349,14.883671797409,18.8448757141591,23.0702028646326,10.1882197695513,5.06608363631761,9.85469104204469,20.6358913745581,19.3591708305135,22.2933534033286,28.3879993486619
2016-06-01,18.867592906074,21.3115275563971,22.2381678508564,19.1412121453538,22.8007706655868,16.2816706026648,16.9260736479486,12.1117599767087,8.10472318894622,11.1089408394537,15.581054614922,14.2494502440988,25.7936769077057,9.74476961938948,5.13553514984561,10.5906807328144,18.4196218819019,21.8202122401184,21.2866945232278,24.6811384981751
2016-07-01,17.1219797746456,20.8379233725563,20.1109527545165,18.9608618855733,20.7509975339193,16.9657475477015,15.4445822418048,13.8173630828895,7.99154863264959,11.3741144122262,16.2516203978227,16.7618043259968,23.9003525434478,10.0521166751459,5.67630628028123,13.0298400080058,18.8999997293734,17.8125702044027,20.8001570092242,24.2876093317204
2016-08-01,19.5205931456053,21.0019266872651,19.9629861034332,17.7287646521129,22.2515157932033,15.6785261528165,16.9393797801487,12.3007781797916,8.33059248151689,10.9826870659458,15.4315847102573,17.1598962697459,26.0448985197932,10.3039627745044,5.50460484275124,9.59179395500116,20.2960673255744,19.7722750637048,20.6312893999547,25.7679781284498
2016-09-01,17.0448914749215,20.6204382862118,20.6956418125574,19.137427942083,22.4929356238982,14.919066230955,10.4439639986057,11.49959231578,7.91765106322905,11.2959313880304,14.8057707429873,14.3713248353607,25.455331638832,9.97869421306902,6.49770930541038,11.841281218267,17.5138748679021,19.6917258372991,20.3125628786401,22.8308067488402
2016-10-01,17.9273645622461,20.6473807381197,19.7796776257,17.0359917805835,21.0691736442184,16.2050168494479,14.2259933353969,12.4619992193424,7.28052671774463,10.7798303373346,15.9603645625172,14.0754127053699,24.4472849398247,10.3044841998036,7.26689964101329,10.7732836641167,16.9869982626296,22.9955924268368,19.5722588805805,22.9377896180079
