"time","US.AL","US.AZ","US.AR","US.CA","US.CO","US.CT","US.FL","US.GA","US.HI","US.ID","US.IL","US.IN","US.IA","US.KS","US.KY","US.LA","US.ME","US.MD","US.MA","US.MI","US.MN","US.MS","US.MO","US.NE","US.NV","US.NH","US.NJ","US.NM","US.NY","US.NC","US.OH","US.OK","US.OR","US.PA","US.RI","US.SC","US.TN","US.TX","US.UT","US.VA","US.WA","US.WV","US.WI"
2004-01-01,56,23,42,39,43,39,33,34,31,62,34,36,23,50,16,46,20,46,22,19,17,35,25,17,40,21,28,64,30,46,24,38,32,36,21,34,45,55,45,61,34,24,19
2004-02-01,43,28,39,36,58,33,36,36,30,30,28,17,17,22,26,56,15,42,21,18,25,22,27,33,35,10,25,26,40,51,17,64,41,25,13,21,28,48,34,41,49,23,34
2004-03-01,31,22,18,42,25,23,27,28,29,29,32,35,28,13,39,47,33,38,27,28,33,22,29,40,19,18,51,21,36,42,35,28,39,26,15,27,27,44,61,44,34,28,32
2004-04-01,26,23,33,39,49,24,37,37,11,46,27,39,32,26,26,32,28,42,32,11,24,24,34,24,30,23,35,32,29,40,32,15,14,32,12,21,31,47,37,64,27,33,19
2004-05-01,35,23,39,36,28,21,35,34,37,14,29,30,27,30,31,24,8,37,27,18,16,56,37,30,33,27,33,16,41,45,28,24,37,34,34,33,32,37,35,47,24,23,24
2004-06-01,50,29,39,40,45,26,37,39,67,61,39,58,41,22,28,56,19,42,33,40,29,41,35,16,17,24,30,24,39,40,28,39,31,37,12,48,40,44,18,54,33,36,27
2004-07-01,19,31,14,41,26,34,38,42,39,39,41,26,36,28,24,30,20,42,36,29,26,51,21,56,40,10,33,58,40,62,38,100,31,37,25,27,26,45,42,41,41,36,29
2004-08-01,37,19,18,35,34,43,34,29,51,28,31,35,32,15,32,23,19,39,33,29,23,29,33,29,40,24,40,30,38,37,36,36,31,28,35,52,29,40,63,37,44,43,25
2004-09-01,22,27,22,31,43,29,24,40,34,13,24,61,41,44,37,29,17,35,19,18,18,13,31,13,39,8,35,41,43,37,38,42,20,28,20,29,40,42,30,48,37,38,34
2004-10-01,28,19,17,32,28,27,29,28,25,33,29,41,32,21,44,21,9,23,32,30,22,27,25,40,36,20,28,21,37,48,35,17,33,20,30,50,32,37,39,40,39,19,29
2004-11-01,35,22,35,29,31,32,25,31,36,13,24,42,9,33,25,18,9,27,19,16,20,14,20,14,24,8,36,21,29,31,33,22,36,24,15,34,30,37,20,33,28,23,28
2004-12-01,24,20,11,31,27,19,25,34,32,37,25,19,31,30,14,34,8,28,17,21,22,28,19,37,19,19,30,27,29,38,24,24,16,31,23,30,14,38,32,37,40,27,18
2005-01-01,19,38,39,41,51,37,42,39,26,45,29,42,24,58,41,37,14,46,26,27,22,43,38,40,15,11,34,24,34,51,39,52,56,34,35,36,37,53,45,62,40,33,28
2005-02-01,46,21,31,32,51,33,32,44,64,18,28,43,28,28,37,42,9,36,25,24,25,42,42,70,20,15,29,29,39,45,33,41,41,33,44,41,37,41,47,51,37,17,20
2005-03-01,56,31,32,37,36,49,39,34,35,46,38,40,32,18,40,50,9,40,26,23,26,22,28,36,40,22,37,43,42,48,33,36,36,42,34,41,51,50,46,56,41,22,34
2005-04-01,24,23,25,37,32,23,40,40,25,29,31,31,24,36,21,50,19,29,28,22,30,65,25,23,31,18,25,29,36,38,30,51,36,38,13,55,38,43,50,48,37,32,26
2005-05-01,41,32,23,35,40,36,32,32,55,31,25,43,44,41,39,26,9,38,23,20,26,34,28,16,39,12,27,37,35,52,27,50,41,33,22,54,37,49,49,43,32,15,33
2005-06-01,49,38,24,31,37,20,42,42,46,61,34,45,25,44,33,48,29,34,35,28,22,35,35,69,21,13,35,54,31,58,42,44,43,40,17,53,38,52,27,49,33,34,21
2005-07-01,48,27,43,36,37,36,36,47,51,44,34,39,47,53,32,51,35,48,38,28,28,57,36,38,28,18,33,47,32,62,46,45,32,43,33,40,51,54,86,49,49,37,42
2005-08-01,34,27,10,34,32,34,36,41,24,54,32,49,39,23,21,48,25,37,33,24,25,37,42,35,22,38,41,33,38,56,36,45,45,39,18,58,37,58,41,55,39,35,35
2005-09-01,41,26,16,30,28,22,23,32,26,51,24,44,38,49,25,8,21,25,22,24,18,59,37,37,14,16,22,70,24,43,36,19,29,29,36,44,30,39,59,34,35,15,23
2005-10-01,28,20,21,24,33,19,20,26,44,13,24,23,38,29,32,43,18,31,21,16,15,24,28,68,21,10,29,17,26,38,29,30,28,26,16,34,28,37,40,39,26,13,18
2005-11-01,25,21,37,25,35,17,24,30,38,41,28,28,28,43,24,27,19,35,28,20,24,40,32,20,8,11,19,24,23,29,22,18,20,24,31,8,27,32,48,45,25,21,15
2005-12-01,33,18,22,24,31,24,20,28,26,26,21,29,20,19,17,34,18,11,24,19,15,34,18,32,12,11,22,14,21,30,22,23,23,25,13,37,37,31,29,30,23,19,30
2006-01-01,69,20,44,33,32,37,29,40,34,24,29,43,52,27,28,50,26,33,33,25,29,65,26,34,33,25,28,37,29,62,28,39,37,32,25,43,45,47,61,51,43,19,26
2006-02-01,28,26,45,30,32,34,27,43,33,20,25,50,35,34,20,22,23,36,27,24,30,17,24,54,21,26,20,33,31,53,28,20,22,31,31,36,35,41,55,40,41,30,17
2006-03-01,33,21,35,34,45,30,23,33,44,28,30,46,18,51,44,51,37,31,31,26,20,38,29,48,23,28,30,36,31,46,37,54,38,33,28,42,39,41,35,42,28,22,32
2006-04-01,31,20,26,34,37,32,26,38,51,18,31,39,24,25,31,27,13,39,36,22,19,43,34,38,32,9,24,15,30,44,34,32,32,32,9,26,32,39,43,36,44,11,23
2006-05-01,29,29,34,41,49,24,27,38,27,25,27,36,38,30,40,41,19,28,30,24,22,19,34,57,28,22,27,25,36,47,34,49,31,34,14,42,34,43,43,37,28,22,28
2006-06-01,36,23,32,31,56,34,27,32,31,27,22,41,48,39,48,49,16,36,32,27,22,33,36,66,19,21,30,35,25,52,43,41,23,32,24,46,47,46,69,48,47,12,25
2006-07-01,57,23,26,40,52,23,30,37,48,26,37,42,31,61,46,50,11,41,30,29,28,43,37,43,18,31,34,30,33,55,44,52,33,37,24,50,49,47,73,59,32,53,31
2006-08-01,41,27,47,41,60,31,29,36,35,27,33,63,29,63,39,34,19,35,42,30,34,24,39,34,27,30,27,36,36,53,42,45,32,31,41,51,44,52,42,49,37,27,22
2006-09-01,26,25,35,38,57,29,28,34,28,28,37,47,44,44,34,39,20,37,34,29,42,33,36,36,19,24,29,26,31,37,34,39,27,36,45,45,32,46,48,44,38,33,29
2006-10-01,32,26,21,37,43,31,25,35,30,22,27,28,43,24,29,35,19,34,33,24,30,42,28,26,40,26,24,28,24,30,29,39,30,24,32,38,34,37,45,35,36,40,28
2006-11-01,41,23,15,36,41,27,24,29,33,23,22,24,26,23,23,37,11,28,26,25,28,42,27,35,25,22,18,13,27,42,24,44,19,24,31,29,31,35,22,39,30,22,15
2006-12-01,35,21,19,32,36,18,21,28,22,25,27,42,45,25,29,27,12,37,33,23,29,28,29,35,17,18,21,16,27,36,31,27,29,26,21,24,29,38,31,43,25,23,33
2007-01-01,37,26,38,52,49,35,29,43,28,27,27,39,43,41,36,39,32,39,45,40,42,55,41,48,29,25,29,49,33,48,35,46,31,29,25,36,41,55,54,51,40,29,40
2007-02-01,46,29,23,51,40,33,32,42,33,37,31,41,33,35,23,28,19,37,48,31,31,36,35,52,30,21,32,15,32,46,33,50,32,31,28,44,35,47,43,58,36,35,22
2007-03-01,50,34,52,64,54,50,38,48,37,34,43,47,37,39,37,36,34,44,72,44,41,48,50,45,38,40,41,43,42,59,49,37,40,46,46,34,42,63,53,74,61,32,40
2007-04-01,28,35,36,71,52,44,39,48,42,37,44,42,55,62,42,66,11,48,60,42,50,58,47,34,40,36,43,32,47,69,43,50,35,48,43,40,53,57,36,60,47,28,44
2007-05-01,45,36,42,60,50,32,38,44,56,20,42,44,46,37,31,38,18,49,38,41,46,40,42,40,43,32,36,26,36,61,48,51,30,40,31,39,42,53,48,61,42,51,33
2007-06-01,46,40,45,57,52,29,38,50,45,44,43,60,75,45,54,44,14,47,45,40,44,48,44,38,42,26,33,53,37,56,50,47,37,42,37,53,50,56,53,65,39,38,49
2007-07-01,48,35,54,64,71,53,45,51,40,50,50,49,53,49,40,54,37,58,56,44,46,50,56,92,50,38,37,54,49,61,57,51,41,44,42,57,49,58,51,80,41,75,38
2007-08-01,70,49,76,73,82,61,56,67,69,91,56,69,97,65,52,67,58,67,77,57,67,53,60,84,80,49,52,72,64,65,66,69,63,67,60,67,69,65,65,100,57,44,60
2007-09-01,51,43,48,69,68,66,50,56,67,52,51,57,65,56,48,43,52,72,60,48,58,71,55,72,54,60,60,74,60,65,57,52,48,51,68,64,56,61,66,76,60,21,47
2007-10-01,53,46,49,65,66,59,49,51,72,67,50,47,75,46,50,62,31,58,60,45,68,41,54,54,57,39,51,44,45,61,62,66,37,47,67,60,48,56,66,72,50,9,46
2007-11-01,52,50,33,71,61,52,48,49,59,51,52,53,70,55,49,56,31,59,64,54,54,52,55,75,53,40,46,31,50,56,58,58,43,48,52,54,56,61,45,74,51,27,49
2007-12-01,47,43,39,61,65,36,48,49,36,50,43,40,49,54,36,52,31,43,48,45,50,40,51,50,42,28,44,34,42,65,51,43,41,44,27,36,47,55,63,62,46,38,50
2008-01-01,62,53,65,92,82,62,61,64,68,51,64,62,81,66,81,63,54,87,77,59,63,62,75,100,60,50,64,66,65,73,81,58,53,72,91,61,63,79,54,92,68,34,56
2008-02-01,56,55,58,96,79,74,61,63,62,68,68,67,57,59,64,65,37,79,88,69,64,55,73,72,77,53,56,64,66,72,64,62,55,63,58,62,62,84,71,95,71,61,70
2008-03-01,57,64,66,100,79,79,73,67,57,70,76,74,78,93,63,68,63,88,100,66,80,74,74,100,72,63,74,57,72,78,92,80,53,77,64,64,67,79,87,97,65,78,62
2008-04-01,53,60,66,94,77,62,69,69,64,80,68,68,69,58,62,65,60,67,85,68,87,67,83,88,66,64,69,50,68,77,78,60,53,70,65,56,64,73,60,91,67,39,63
2008-05-01,61,55,58,87,76,63,72,76,67,77,67,61,60,66,50,55,47,71,80,53,72,72,65,70,74,46,65,60,62,77,66,63,59,56,73,65,66,70,60,79,60,37,50
2008-06-01,66,74,58,93,71,64,74,73,63,66,73,90,97,68,77,73,46,94,72,62,67,93,72,74,82,48,65,43,75,88,81,62,47,68,55,81,77,77,67,75,67,79,65
2008-07-01,78,68,72,94,84,70,83,91,75,77,73,81,73,86,90,92,55,94,83,76,83,92,84,72,76,59,75,67,79,90,85,88,68,76,72,83,81,82,79,89,70,46,69
2008-08-01,62,68,59,88,71,70,71,74,76,48,61,80,89,61,67,75,67,69,87,76,72,42,72,51,59,44,67,60,74,87,76,57,62,66,78,83,71,72,72,67,61,48,66
2008-09-01,71,65,69,90,81,74,78,83,64,88,69,84,60,70,49,73,37,77,81,73,67,54,70,84,78,57,71,45,68,72,75,64,62,69,71,65,58,68,71,71,76,60,69
2008-10-01,70,64,56,88,79,79,80,80,88,53,70,84,73,69,67,72,52,87,92,72,83,90,77,80,75,80,78,63,79,89,80,84,67,71,76,84,71,74,89,71,83,34,68
2008-11-01,62,61,46,81,71,60,71,67,66,58,65,64,69,56,59,63,39,80,77,64,77,56,63,66,65,53,69,36,66,80,60,48,56,64,52,65,60,68,68,61,67,62,63
2008-12-01,78,58,50,76,64,57,70,70,52,48,63,83,61,63,57,80,29,76,64,66,61,62,70,57,64,44,57,30,62,82,66,56,54,60,58,76,57,69,54,66,58,41,51
2009-01-01,84,77,74,91,84,82,88,91,70,65,82,93,63,77,95,81,79,92,93,81,85,100,87,94,91,71,82,53,76,92,87,72,75,77,90,88,87,88,90,84,79,78,93
2009-02-01,85,100,100,100,100,100,99,100,79,96,99,90,80,100,90,94,97,100,96,100,91,62,100,100,100,90,100,70,100,100,100,89,91,90,96,100,100,100,100,87,100,79,100
2009-03-01,87,82,76,91,89,96,100,97,46,100,100,100,100,79,96,97,100,96,99,95,100,90,99,86,74,82,100,69,97,98,100,79,100,100,100,91,91,94,98,80,91,93,83
2009-04-01,67,74,49,81,79,74,91,85,62,75,82,92,84,74,68,84,63,85,85,79,77,72,77,89,73,62,73,62,73,86,83,72,60,79,74,78,75,83,75,67,76,77,89
2009-05-01,73,70,56,71,70,58,82,80,63,51,66,70,50,63,58,73,52,67,76,80,72,60,63,82,80,40,65,75,69,72,79,69,58,67,77,74,76,70,67,58,64,50,66
2009-06-01,74,73,77,75,67,58,80,86,61,58,64,83,63,66,72,63,44,80,64,73,68,91,73,59,69,60,60,68,64,81,70,55,63,62,55,83,65,69,47,52,63,46,71
2009-07-01,71,73,70,68,68,64,78,80,61,75,67,91,73,55,66,72,34,72,68,80,72,71,67,68,84,50,63,47,63,82,75,78,58,65,63,70,75,67,67,49,71,56,71
2009-08-01,62,76,74,66,75,67,76,80,72,57,69,82,43,60,70,73,50,76,65,70,69,68,77,81,74,62,68,51,61,74,81,59,56,65,61,66,66,69,64,48,67,65,71
2009-09-01,62,61,52,58,57,47,59,62,67,59,61,58,42,52,54,56,38,54,57,57,64,56,59,45,60,50,52,60,53,71,58,57,61,57,55,53,57,60,60,41,62,51,60
2009-10-01,66,59,78,52,62,55,62,70,61,76,63,70,55,55,58,60,67,69,57,59,57,77,60,54,94,50,51,53,54,66,54,73,57,53,64,69,56,53,55,44,61,41,59
2009-11-01,69,56,48,51,56,59,58,57,56,56,58,58,33,68,54,53,46,61,49,46,57,55,57,57,74,40,52,41,48,61,57,66,62,49,56,62,52,52,50,33,53,55,51
2009-12-01,59,53,52,42,49,43,58,57,69,56,56,61,54,36,62,58,46,50,46,40,50,49,53,56,61,50,49,58,43,64,50,51,49,47,66,59,52,46,61,31,47,57,45
2010-01-01,74,61,61,54,69,71,70,75,81,68,70,73,74,64,72,74,60,82,60,60,60,90,70,77,78,55,62,79,56,80,68,74,60,58,89,90,71,61,70,43,71,73,79
2010-02-01,81,75,71,57,66,52,70,71,77,85,70,64,90,85,62,57,51,63,63,65,65,80,64,84,76,57,60,75,59,70,65,52,64,57,97,67,71,63,78,42,65,64,70
2010-03-01,87,65,69,50,73,65,71,71,69,66,70,71,80,80,64,66,54,68,54,60,74,81,65,78,74,72,67,100,57,78,71,70,68,57,62,76,70,58,61,40,65,33,65
2010-04-01,74,61,66,49,62,48,64,70,49,52,62,65,64,82,65,84,54,69,56,64,59,85,66,62,73,53,60,65,56,79,67,50,58,60,62,75,68,62,68,37,63,81,70
2010-05-01,88,62,76,42,53,61,60,61,100,60,58,68,90,57,63,65,50,67,51,59,58,70,61,68,63,58,54,56,53,82,66,57,61,55,59,67,70,54,65,34,56,66,54
2010-06-01,79,53,75,44,68,57,66,73,72,67,61,68,89,71,100,67,43,69,54,57,73,86,67,71,61,58,57,62,59,91,66,73,61,62,72,96,68,57,90,36,59,72,66
2010-07-01,100,57,67,40,63,63,63,75,67,77,69,86,94,100,90,71,63,70,59,64,58,68,76,90,62,100,69,73,58,82,71,63,65,65,58,92,79,53,77,34,61,62,67
2010-08-01,88,57,69,40,67,74,63,70,53,84,70,78,75,72,67,100,59,73,56,58,56,57,73,63,70,79,60,92,62,79,69,71,77,75,67,93,74,51,63,36,67,83,67
2010-09-01,72,51,61,37,51,65,67,64,69,56,62,60,65,74,63,81,43,75,54,52,55,74,73,83,61,65,61,77,55,72,61,53,59,57,62,84,62,48,66,32,69,54,65
2010-10-01,97,72,82,52,72,80,75,66,65,78,77,83,95,77,65,90,70,84,72,59,76,72,83,85,75,56,68,94,72,80,71,93,87,66,70,79,75,64,79,46,76,100,79
2010-11-01,58,41,68,33,53,55,56,54,59,79,56,53,57,61,71,48,57,55,50,43,51,65,58,51,58,66,48,59,46,62,53,46,54,52,36,58,51,40,58,30,48,58,62
2010-12-01,68,46,54,32,44,45,45,49,62,61,50,59,49,50,59,61,42,50,43,46,46,50,51,53,47,30,44,64,44,63,50,56,51,45,49,65,52,38,47,26,47,31,50
2011-01-01,84,57,71,68,71,59,65,76,72,64,64,75,65,73,71,66,63,61,61,60,61,73,65,82,55,51,55,76,49,90,65,59,62,63,57,77,70,52,61,93,67,55,76
2011-02-01,82,47,64,63,56,54,59,70,56,74,54,63,64,63,61,63,43,55,49,48,52,71,62,60,58,62,53,50,43,75,59,61,55,55,69,65,64,45,60,87,66,52,57
2011-03-01,75,50,61,55,54,51,56,61,43,61,56,61,57,53,49,63,47,64,45,50,54,50,55,55,43,47,47,63,38,70,52,53,61,49,47,64,61,39,53,74,52,52,63
2011-04-01,58,47,42,56,51,49,55,58,45,66,56,59,52,56,52,68,46,60,47,46,49,51,49,57,53,50,43,53,44,71,53,50,56,47,51,59,61,42,57,74,59,51,60
2011-05-01,73,41,45,57,53,45,56,56,46,64,51,64,52,66,63,61,51,61,47,42,45,57,52,57,42,46,44,53,43,67,57,64,51,50,49,68,55,39,51,73,57,53,56
2011-06-01,85,44,61,55,55,46,55,65,49,58,53,62,52,56,64,66,43,57,45,43,54,78,62,75,49,40,43,44,43,70,57,61,53,52,52,66,64,43,48,82,57,75,59
2011-07-01,82,43,62,52,47,52,54,63,51,72,51,60,55,64,71,70,44,57,49,46,48,67,60,69,47,55,42,72,39,78,54,67,49,49,61,80,65,44,57,86,49,59,59
2011-08-01,77,41,65,51,52,47,47,62,39,50,52,60,56,63,60,62,44,50,44,46,47,71,61,53,45,44,44,59,40,67,55,54,55,48,56,70,60,43,49,75,56,57,60
2011-09-01,67,39,55,48,47,46,48,56,42,56,51,44,57,57,53,60,36,45,46,39,46,51,47,47,40,54,41,45,39,65,49,51,50,45,58,51,51,40,46,68,49,48,57
2011-10-01,73,38,41,46,43,43,43,50,34,46,45,48,38,47,53,52,38,41,39,37,40,60,45,58,45,39,39,46,35,60,47,54,44,38,54,59,53,37,37,68,47,43,52
2011-11-01,55,31,41,42,39,37,43,47,46,40,41,49,39,43,34,42,33,41,37,35,38,39,46,53,36,37,34,62,34,56,44,41,39,36,49,48,46,33,41,60,43,45,48
2011-12-01,57,32,41,40,36,42,42,48,41,53,40,43,49,43,29,39,30,34,38,32,41,37,47,39,25,38,32,39,32,54,42,43,43,36,37,51,45,33,40,54,40,43,44
2012-01-01,73,39,44,47,49,47,53,63,40,55,52,53,49,69,47,55,50,50,43,42,47,49,56,53,32,43,42,51,42,72,52,53,46,44,45,70,61,42,46,79,46,35,55
2012-02-01,69,41,48,54,49,54,53,60,46,65,55,51,55,56,51,54,36,51,53,41,51,51,49,46,45,56,41,49,44,76,51,46,49,49,50,72,59,44,51,77,51,52,67
2012-03-01,64,32,38,45,47,48,46,52,41,53,47,47,53,51,41,46,50,49,48,35,49,49,43,38,31,52,40,54,37,64,46,44,46,42,45,62,54,35,37,70,42,47,55
2012-04-01,66,30,44,43,45,44,47,50,42,41,45,50,52,46,54,45,42,46,40,37,47,58,46,48,26,45,37,42,37,72,47,47,41,43,48,57,54,35,38,68,42,49,63
2012-05-01,73,28,46,38,37,43,43,49,34,31,45,48,41,47,45,41,38,39,43,30,39,47,41,47,27,46,37,42,36,63,40,49,43,40,30,57,48,33,39,61,37,47,50
2012-06-01,69,27,47,39,40,40,44,46,33,34,43,55,46,44,46,52,34,48,44,28,36,56,43,49,23,41,33,38,35,65,45,37,40,37,39,53,51,35,26,63,35,34,50
2012-07-01,68,31,44,41,38,46,39,50,32,39,44,52,38,56,47,43,36,42,41,34,38,53,44,47,33,42,40,51,36,65,46,51,39,43,52,62,51,35,37,63,39,38,49
2012-08-01,54,25,35,37,35,47,38,47,29,47,43,55,44,36,44,42,39,44,41,28,38,42,41,50,27,38,39,45,34,64,41,44,43,40,41,58,51,33,31,61,42,50,44
2012-09-01,52,23,35,34,34,47,39,41,30,26,39,41,52,52,40,37,31,37,37,26,33,39,31,50,24,36,39,39,32,55,37,37,33,34,47,52,43,30,28,57,35,31,43
2012-10-01,55,22,31,32,30,33,37,40,27,31,39,39,38,35,39,43,22,34,31,25,33,41,33,31,24,31,30,32,26,50,36,31,31,34,36,51,40,27,27,48,33,28,41
2012-11-01,38,17,30,29,28,32,30,33,34,19,33,32,37,34,32,35,18,27,26,22,30,38,30,30,21,29,25,32,22,46,30,28,23,29,36,44,32,25,24,49,30,24,40
2012-12-01,35,18,30,29,27,18,29,32,21,24,31,30,31,27,33,27,28,26,25,23,30,32,29,30,22,25,24,26,23,47,29,30,26,28,23,38,31,24,23,45,27,31,35
2013-01-01,52,23,35,34,33,31,43,42,26,36,44,53,47,27,45,39,33,37,35,28,39,42,39,41,20,36,33,36,33,59,42,46,35,38,48,56,50,34,25,60,38,41,43
2013-02-01,54,21,33,30,33,39,39,36,28,26,41,47,42,39,41,38,32,39,33,26,35,44,34,36,22,33,29,42,30,54,38,43,33,37,32,43,46,30,32,52,37,50,42
2013-03-01,51,21,38,31,35,47,35,40,30,33,42,42,48,41,45,40,32,40,37,33,38,46,40,46,26,32,35,38,32,55,40,39,33,39,30,47,46,29,32,49,36,41,49
2013-04-01,54,24,43,33,36,39,36,41,30,37,46,48,40,38,49,47,41,44,34,35,38,48,43,41,30,32,35,33,33,57,48,39,33,38,42,47,44,31,33,57,37,31,48
2013-05-01,44,20,37,26,27,39,33,37,30,30,40,45,40,35,47,35,30,36,30,25,31,39,34,35,21,29,31,29,30,53,40,38,25,35,28,49,38,27,23,47,32,43,39
2013-06-01,49,18,41,25,25,36,31,34,26,26,34,41,44,35,41,44,30,35,28,26,32,35,34,38,18,33,30,39,28,51,39,35,30,35,36,42,41,28,25,48,29,59,39
2013-07-01,51,17,34,24,26,43,34,36,23,30,34,43,47,36,42,34,31,34,33,23,28,32,34,28,19,36,30,30,30,52,38,38,12,31,29,41,37,26,23,41,27,32,41
2013-08-01,44,15,36,23,27,37,33,31,22,29,34,32,34,29,39,37,32,36,32,22,29,30,31,35,14,30,31,31,30,48,34,32,12,32,36,47,36,24,17,40,29,32,39
2013-09-01,42,13,30,22,22,36,29,29,22,23,30,33,32,26,29,29,25,33,25,22,24,27,27,24,12,20,26,33,27,42,31,31,11,31,52,39,33,23,16,40,24,21,31
2013-10-01,37,14,24,19,21,35,28,27,20,23,28,27,28,27,30,27,18,31,28,21,22,22,27,35,14,25,28,24,28,38,30,21,8,30,27,37,30,20,22,40,24,22,31
2013-11-01,31,12,23,18,21,35,27,25,17,16,26,25,30,26,27,23,25,31,25,17,19,18,22,24,11,22,25,20,24,36,25,24,7,26,25,35,28,19,13,35,23,21,29
2013-12-01,33,12,20,17,16,28,24,22,21,22,23,24,23,25,28,26,24,29,22,14,21,20,23,22,11,19,22,19,21,34,22,20,7,24,26,32,26,20,16,38,22,19,29
2014-01-01,47,16,35,20,27,38,31,29,27,29,31,35,29,32,37,38,30,37,29,20,25,32,31,32,13,28,30,34,28,49,31,28,12,33,27,43,36,26,25,44,27,32,39
2014-02-01,44,15,31,21,26,37,30,28,23,28,33,37,39,25,36,35,37,34,29,21,25,25,26,33,14,29,27,32,27,44,28,26,10,28,26,36,34,24,27,42,26,23,34
2014-03-01,46,14,27,21,24,37,30,28,21,19,30,35,34,26,30,29,38,35,32,22,24,30,29,31,11,33,29,34,26,44,33,28,9,34,33,37,32,24,16,42,29,28,35
2014-04-01,39,12,32,19,23,41,30,24,22,24,31,35,32,26,36,33,31,35,26,22,25,29,28,33,12,34,28,35,29,42,32,24,9,33,41,37,31,23,24,35,24,36,35
2014-05-01,41,10,25,19,21,27,29,24,25,21,28,33,31,22,36,31,32,31,29,17,23,27,27,31,12,28,30,31,28,41,28,23,10,32,38,36,29,26,21,33,27,25,29
2014-06-01,40,15,31,18,22,33,28,28,25,22,30,30,36,26,38,31,26,35,24,17,21,33,26,35,11,20,30,28,27,45,32,28,6,36,34,38,31,23,21,34,25,26,31
2014-07-01,43,15,30,18,22,43,29,28,17,27,30,37,36,31,29,37,33,30,26,18,24,38,28,33,11,30,29,29,29,48,31,29,8,34,32,43,30,24,19,23,25,36,28
2014-08-01,39,14,29,18,19,35,28,24,12,18,26,30,34,24,31,32,30,33,26,21,19,30,28,23,12,27,31,36,28,46,28,27,10,31,31,38,30,24,24,23,22,23,28
2014-09-01,36,10,25,18,21,31,26,23,13,17,26,29,34,23,26,23,30,28,23,16,20,25,23,29,13,26,30,20,28,38,28,22,10,30,27,31,28,21,19,20,20,18,26
2014-10-01,33,10,20,18,19,32,26,22,12,23,26,30,22,18,25,26,26,30,25,16,20,31,24,25,11,21,26,30,27,37,24,20,8,27,27,32,27,22,15,19,19,18,24
2014-11-01,29,12,16,16,19,25,24,19,15,13,24,22,30,15,18,28,23,30,19,16,16,23,19,28,10,20,25,27,25,32,22,17,7,25,22,28,24,18,15,17,21,19,21
2014-12-01,30,10,19,15,17,27,22,17,13,14,21,22,19,21,22,25,21,27,21,14,17,24,21,31,9,17,24,19,23,29,20,20,7,24,21,26,23,17,19,16,19,22,27
2015-01-01,44,11,19,19,21,32,27,24,16,27,27,31,25,25,31,34,26,34,24,18,22,33,26,33,13,22,29,20,30,41,27,27,10,33,24,37,27,22,22,19,24,21,30
2015-02-01,35,10,24,20,22,32,26,23,17,24,26,28,28,24,27,35,27,34,23,19,25,28,24,33,13,25,29,27,27,37,25,24,9,31,27,30,23,21,19,16,27,23,30
2015-03-01,38,13,25,22,22,29,27,23,19,23,26,30,28,26,26,27,26,30,25,18,25,32,28,26,13,31,28,29,28,37,29,29,9,32,29,30,28,23,25,16,26,25,30
2015-04-01,37,12,26,20,24,31,26,23,17,23,28,26,26,22,28,30,33,32,30,17,22,28,29,25,12,28,29,23,30,37,26,26,10,31,29,32,26,22,24,17,21,26,25
2015-05-01,38,12,24,18,19,31,25,23,17,22,24,24,27,21,28,28,18,24,23,15,19,25,26,26,11,24,27,27,27,34,24,25,12,30,28,30,26,22,19,15,20,23,24
2015-06-01,39,12,23,19,23,35,26,22,16,24,23,26,26,18,30,36,28,28,24,16,24,39,23,22,10,23,29,40,28,36,28,29,11,30,26,31,27,22,12,17,22,26,24
2015-07-01,43,12,31,18,22,33,24,23,21,11,25,27,31,20,28,38,28,35,24,19,25,27,23,28,11,24,30,30,29,37,28,26,12,32,32,27,28,22,17,33,23,29,28
2015-08-01,36,12,30,16,19,42,24,22,24,17,22,23,27,23,29,38,21,28,25,18,20,25,26,22,9,24,35,25,29,39,27,26,12,28,29,26,26,21,15,35,20,26,26
2015-09-01,30,11,14,17,16,37,22,20,19,15,22,24,22,18,23,24,17,27,23,15,24,31,19,23,10,13,27,22,26,33,22,22,9,26,29,26,22,18,16,31,19,18,19
2015-10-01,30,10,20,14,17,25,19,20,23,15,19,24,21,17,23,22,25,24,20,16,18,20,17,23,8,16,29,26,24,30,20,23,7,26,20,25,22,17,15,29,19,28,21
2015-11-01,26,8,17,13,16,27,18,18,21,14,18,17,18,12,20,22,15,23,21,12,15,25,17,12,9,21,26,20,22,28,16,22,5,23,15,26,22,16,12,26,18,19,21
2015-12-01,28,10,18,13,16,24,17,16,19,14,18,23,20,5,18,26,14,25,20,11,15,23,19,22,9,16,22,25,23,26,17,20,6,22,13,27,19,17,13,28,18,15,17
2016-01-01,32,11,24,16,20,35,22,22,22,25,24,28,26,13,30,31,20,26,27,17,18,28,25,24,10,26,28,30,28,35,22,27,7,26,36,30,26,21,20,36,22,22,24
2016-02-01,33,12,26,16,20,34,20,22,16,20,22,26,26,6,27,25,25,26,25,14,18,23,20,24,8,22,30,26,28,34,21,27,8,28,32,24,24,20,19,35,22,17,21
2016-03-01,32,11,23,16,18,33,20,19,24,13,22,24,27,10,25,25,24,27,26,15,21,28,25,30,8,28,32,24,28,29,23,21,7,26,25,26,24,18,16,34,20,21,27
2016-04-01,32,11,18,17,17,31,20,20,21,20,22,22,25,10,20,26,28,26,23,15,18,27,20,27,10,23,31,26,25,29,22,21,7,29,31,24,23,20,16,36,19,21,26
2016-05-01,32,12,22,16,18,32,20,20,24,16,19,24,25,11,30,29,20,25,25,16,18,31,23,16,10,22,28,22,25,29,23,23,6,27,29,28,23,18,15,35,19,27,24
2016-06-01,34,11,19,15,18,34,19,21,18,13,20,25,23,8,31,32,21,28,22,14,17,29,21,24,8,19,27,29,27,30,23,25,8,27,27,28,26,19,17,32,19,25,20
2016-07-01,32,10,19,15,18,32,19,19,21,17,19,26,19,7,25,28,20,26,22,15,15,28,23,20,11,21,29,19,27,33,22,23,8,29,33,27,23,18,16,32,16,21,24
2016-08-01,29,11,15,15,16,34,17,21,24,23,18,23,21,12,22,24,24,26,23,15,17,22,19,21,10,19,30,24,29,29,21,18,7,26,26,27,21,17,19,34,19,15,25
2016-09-01,26,10,22,14,10,27,17,17,24,15,18,18,17,10,20,23,20,22,19,12,16,19,18,21,8,18,24,23,25,24,18,17,9,23,24,23,18,15,14,29,18,15,18
2016-10-01,25,9,18,10,11,26,16,17,18,15,18,20,15,9,20,18,18,23,19,13,14,27,16,19,8,15,22,18,26,23,16,20,8,20,14,21,18,16,13,25,19,16,17
