"time","Atlanta","Boston","Charlotte","Chicago","Cleveland","Dallas","Denver","Detroit","Las.Vegas","Los.Angeles","Miami","Minneapolis","New.York","Phoenix","Portland","San.Diego","San.Francisco","Seattle","Tampa","Washington.DC"
2004-01-01,90.3194752651092,96.7074846086974,93.1197349458253,96.9566213774792,94.1012552319516,87.3448328787156,96.1750038430956,95.2073451054466,100,95.1486669865522,90.689522987601,97.4399134873092,95.7504885949047,84.5533560510645,91.8473934920102,92.1885734452158,88.147072061593,93.7214408844877,87.632263207051,89.2291360011499
2004-02-01,69.2764824208273,61.7886546752485,102.198307131049,94.7683116265951,62.0427918759655,74.4469148731843,118.223470051431,106.401818117252,158.823529411765,89.8295427308395,116.7182390459,107.01831581713,103.164576500066,74.8588031456228,93.1962038160104,86.6265078085786,77.1675710811579,82.9541895877852,138.37383208068,85.7494906696798
2004-03-01,95.4204272890817,105.759207748422,75.8985814421421,85.0734520310223,80.6142385143922,81.1385967343659,102.718667597436,85.3921614762176,162.5,86.1634777866809,101.521631276097,129.029508562199,98.9097896648002,63.9725186279822,81.0259190302724,78.2983145149228,79.3778562039546,66.1094296006193,96.630047416783,92.4419752894473
2004-04-01,103.001609790434,103.594258076146,97.7893218680122,92.211656503064,72.0988141113501,84.2994172590111,110.018069747543,142.40324449965,71.4285714285714,88.9668063644316,112.926964080765,131.509157604207,98.6916622960228,76.0533526148106,68.9333858513239,84.5352534782793,82.727010679275,89.4980795086134,118.997430495767,126.322480736304
2004-05-01,96.3540962519431,97.6344627704911,69.7512919893237,103.922996672792,72.3592061620668,77.435700793438,94.5267602829309,150.370623199369,106.25,85.7291633482644,130.964689087634,115.769244883059,102.197775691628,87.2504001911948,94.3320418305943,84.2687907394435,93.5273757373805,110.962455030508,111.975295082173,114.527011141379
2004-06-01,122.346688209539,115.970278766276,86.169281026455,113.911577443902,110.234426466177,81.4244354501492,91.8457127544983,183.015119461443,81.25,91.1889710938767,112.387205720287,150.082728466623,103.227413468828,89.1422223267137,107.573553072132,105.226831481357,100.533668335137,94.2556090168018,111.011859269411,112.03888732596
2004-07-01,120.292312407902,97.1285694778009,112.584771461086,99.5553822331025,84.6139559041546,76.9207750147308,105.347045544567,184.873286002904,193.333333333333,93.7393647910502,98.9023953043798,114.894619238455,97.3828234287015,94.8296885333209,108.882985263336,92.2177976727884,89.3489180951353,113.061440214731,111.813787947633,92.7325503122955
2004-08-01,99.1431290782315,106.440521084802,70.3511149031877,92.5553837084869,74.0467729305616,71.1156818728393,104.407200493872,144.724952178887,106.25,91.1784468236044,136.910960419066,109.999737514905,99.7453188580767,72.6063449094948,86.6079645850221,95.7751407815437,89.6268922862212,103.636977119948,115.602326523394,110.959783329105
2004-09-01,91.1040594760963,66.9471085767992,84.1141757882922,95.4751569233697,109.108317593498,90.8424883997925,86.6982342104533,110.391415641814,100,94.7670764079481,88.7807776313724,105.023222986353,93.329592084432,91.6077604432959,84.9105115651342,73.0020278429519,81.3293233948527,108.384513569757,97.5186779460887,100.888330650795
2004-10-01,94.7402788725575,97.6648740159181,117.947141988787,91.8163688172836,82.5681457847326,80.7520841724778,96.9918302223752,161.332000284054,125,92.2105838037291,114.090095354757,125.157967965508,94.9842689739004,78.1924325763423,71.4914363570843,88.4203101960882,85.4956396994217,102.864724988305,109.45607245146,97.502991299236
2004-11-01,90.5993043391569,83.9862334232897,107.568453840368,88.4789148193384,88.6276841768715,74.3861329017013,86.9865064067643,139.40896729602,61.7647058823529,92.163747679533,132.532593904876,71.9665621612376,97.8157390909878,77.6359107608029,79.5748774360286,84.5857552158527,86.0853014794338,90.1105812827144,118.941915252487,92.7576964569134
2004-12-01,114.463201357681,104.448273188355,93.3130046778586,99.496477332717,83.9785359812898,80.3633317109862,101.273730121392,175.085090235107,66.6666666666667,88.8268809300226,117.169448472442,146.368677904146,104.366286243534,82.4997256603762,85.7016828935351,79.8906169557827,89.3429526104954,121.958956201519,103.690235207909,111.874325582614
2005-01-01,103.221982473819,87.7740506809774,97.189291785357,91.0403913248063,99.8967250510647,85.7856314557902,139.127495981605,152.331923953015,60,85.2512125720959,150.654276171364,130.765415588361,87.9618528763619,101.156027783591,107.962070234006,91.9227135821131,80.4205241440754,91.0938580307276,131.378536082229,93.6898626688695
2005-02-01,103.618610295175,96.9504603380515,112.793433746282,88.8732987942738,110.079597906493,76.3073981571532,100.961223990974,114.865868694257,128.571428571429,81.7122332298017,126.07660928816,127.468767838645,95.2489405559931,72.9594671024123,91.6390120504585,95.6450703069651,78.3583461439404,96.431305760002,113.198473953715,102.351161134169
2005-03-01,97.7757252187486,96.2739284424399,104.989913977124,98.3462126759857,100.415106222604,90.8753860291445,109.86955668961,152.637300681047,112.5,90.5929868527921,106.316342382672,135.035856342362,95.7970354924363,88.8732987153911,84.6888980221691,83.3967388240262,76.9668212254167,93.8606819042825,121.475929186999,97.9881924045322
2005-04-01,97.5732199270865,86.6265511639715,89.1678679694917,88.5861686221773,92.1520324700622,85.7657410920061,89.7732237106416,135.282154857516,143.75,93.9469143796462,129.099742654016,135.076390044626,78.7124284078613,72.9877359837833,94.8978993160767,86.2754515471511,79.1368108624042,99.9441507866077,110.124399826903,77.7008626189247
2005-05-01,96.525868257912,91.3899181596613,96.7599625328165,88.2215197393739,99.4657103394191,97.0526474563549,105.580703943867,158.285092717275,138.095238095238,94.0440385755561,98.8886568118132,164.658798494032,91.3592321887639,101.483961699968,82.162160125103,85.3122413541149,70.1096640447896,99.2721862472774,116.501163366928,100.212535163268
2005-06-01,110.70342974417,130.346587196556,146.722553892237,93.2570239990603,98.3993180828732,103.499908194304,100.205712343974,135.568478476588,120,93.6053693211687,123.794117925737,103.303791281275,84.2763792492822,89.5555259705429,99.613419912653,73.1365208571592,68.4018799524629,109.075207878408,125.050467258082,102.309371975186
2005-07-01,107.136885454477,107.296232271549,94.4898681811018,99.9964124098012,112.507385807272,99.434011297412,109.422405341509,164.334779323844,113.333333333333,83.159406313342,124.831116702699,122.050575240122,84.4357597103504,73.4723094835391,108.035192990506,79.1700951644305,68.0782398388534,98.8177016407618,125.744895255406,94.5866318238309
2005-08-01,107.404875095887,105.624500643235,120.711188990867,94.970007045471,85.3306798991776,107.85826055543,93.4600067074742,162.170346550311,162.5,77.720955229694,110.366299537754,160.531131974954,93.3995349031051,94.4851241712007,91.45255760447,66.3082840379709,69.1319034678338,95.4902535469522,122.466184207949,91.3476739766672
2005-09-01,100.45960888313,92.5258261911814,106.219316114445,81.7283196569992,97.211641918176,73.1069530581444,103.29080030597,152.919655352805,152.380952380952,70.4049734139611,119.375088061426,112.417315579404,75.8060656393271,62.4392760000072,93.4267508696446,70.6886707654094,67.7451399780769,99.7668907239492,120.093991668428,74.7808940053517
2005-10-01,67.8647070272711,62.137332000276,105.584294906652,89.2363189266077,99.4175730148485,72.5118219460597,92.1540057022636,119.270548322667,143.75,76.2136330273211,102.137679298603,94.1353906101743,70.541857556908,81.8965301984259,99.0976376615749,76.9232708233848,68.3093248554753,74.4920911813449,85.976585121366,76.574973684886
2005-11-01,97.2717945969287,92.6186542987685,78.145628407773,87.8884829695171,96.252059822084,77.4446365841822,95.1992170580889,142.576755863709,62.5,69.7776101692832,82.1868191963635,149.673106823463,74.5932785570828,88.7437365193945,110.64452400827,71.4689700271115,59.8687523888908,77.5650457432335,79.079980049725,68.2032003804608
2005-12-01,80.5997171300451,84.5547825551389,91.1001278901516,78.0876674517891,112.745514703182,76.6539725533195,93.3657415954971,116.110104356133,106.666666666667,74.6130295786482,90.3524378685469,108.568041581307,64.2751000786777,90.5650417129279,88.4791118502282,73.4209994077051,64.27645416552,78.2010350470556,91.9104044433498,91.5340834453414
2006-01-01,92.7600473096369,129.006160114981,100.549376532278,93.9196642516334,81.195845957287,90.8400822602458,92.6506855356352,135.295109782757,125,82.0780969096066,98.3562772329577,141.749815315722,79.7403833864608,75.1817892348219,80.4702030530767,65.2003555338132,72.0782990181278,96.0308787873638,92.2250285906487,91.7061644834261
2006-02-01,93.2567512911745,86.5586355792041,111.078215309814,79.7193173972408,101.668692532528,82.3189009276068,73.830999342418,137.837899072499,80,86.0955480916818,57.2284943161689,127.068069200571,70.7822701216882,73.9934670508661,85.8439032977229,75.1570051408366,64.5021659287458,98.7917130735095,85.8135696064281,86.977609245133
2006-03-01,84.5145354555701,84.5818061483953,123.018018305125,81.9472667460202,105.748009817717,85.3120283818963,92.9422176949702,134.134487835114,166.666666666667,82.439004984889,89.1342073453984,131.533380258501,70.9070953834589,72.6653937760321,83.0859436521667,92.5492319934688,74.6479389631954,86.0121315680888,74.8885144281683,81.9365940620398
2006-04-01,83.4505955349352,109.490445197137,98.3440953149221,84.7419948529093,110.16107307518,87.6721299094177,96.5731981007112,134.762080313885,106.25,86.6584637780882,82.7654567489725,91.7272454685253,66.573961039046,85.4864526228833,71.19366464266,86.1610203244424,71.356555474919,83.1624722346157,60.5706561349348,78.2015247125816
2006-05-01,99.3643899629752,122.097935468999,104.382281676731,81.8379983255582,98.4368985091469,81.1233902160142,138.117465342986,162.964953213536,100,88.8652439164312,90.655338617562,139.498098316332,70.063066775817,79.1598950729101,86.4726501428447,95.2829173274305,80.0539702829249,83.4475105661942,96.8891021868739,93.0566011626612
2006-06-01,90.434196291345,116.601956860722,92.3524111568878,81.4984519491711,95.456107523247,95.9020054743476,144.685309211464,155.192754001022,166.666666666667,91.4697232779841,77.8246995283049,140.81667325655,72.7193902500282,79.8349812140933,76.7331146493091,93.5677467474564,71.5147399491659,100.43181403712,85.4563646149219,84.6473812207331
2006-07-01,98.1835641862581,125.585269012494,121.172682862938,97.4528282293734,87.5029428573293,95.6825886748973,144.408890502415,143.283730365646,131.25,96.7980188598024,102.835932775579,152.83825178377,76.2665418223921,78.7279367769672,91.0364954744451,87.2686926966006,85.1149442329941,88.9190866878617,89.0235294235996,98.7103293321554
2006-08-01,93.6353094405342,127.496773970651,115.913736335042,111.149144392879,115.185205771014,110.748332641748,129.078350250285,155.619045734568,206.25,108.37663325792,106.524668369946,178.200413172752,89.2419301328127,88.1212415707268,107.96712324541,98.1164306529103,86.8238361922495,97.0377786430066,87.1114170247485,105.05127190517
2006-09-01,106.378084675239,120.59815931958,101.017106718501,111.682667773438,105.690730457264,92.3770765881754,165.867097638531,173.464228091267,160,97.4903447798084,116.910478277674,175.483781092667,81.9170516452629,98.8528693415809,89.8703632069955,130.243120665431,84.5548045646153,95.2697315232743,100.237972866392,95.7757196183635
2006-10-01,97.1172793567446,118.874735475307,82.0790284886485,97.305245654525,83.1966918320822,79.1023489962553,138.97898514967,161.331129898085,166.666666666667,97.4381711235627,101.481197024788,173.831250776843,79.3108952007086,72.9554102698411,84.4988873141373,104.650318733057,89.3564572820013,92.7395270153593,97.6082023100753,91.1590897937786
2006-11-01,109.154383381217,139.30475195099,100.15799325221,95.1355203222807,102.196369259235,89.0805458089616,142.784070328886,205.310104518319,109.52380952381,104.831766990786,112.323275054823,164.605054613592,78.8804778632414,74.9789865507357,78.2472342247843,121.967693989332,94.9064658624627,84.5067229272947,100.495875762086,100.131794122479
2006-12-01,109.464329205682,167.017675895153,83.4670137386259,99.387722723083,90.6713207937014,90.0054764227352,133.076040281203,177.032298438064,131.25,103.155860933726,106.060107378296,224.92607261342,87.9429480312839,79.3857766862229,99.7468321442021,132.588359354508,85.2613426342786,88.561804819935,95.5437266313644,97.8118845002221
2007-01-01,98.287732175211,160.797571022211,106.878838481271,88.438103415915,90.0357900582207,87.3471594831398,132.470312169586,200.437441444057,186.666666666667,108.888030524421,108.084428924182,198.327184963795,92.9383848402074,86.3437075159072,85.1244533491931,124.997346602598,95.6091892060608,93.3036486944045,100.358806503542,109.055609575931
2007-02-01,100.817869022473,134.535689475541,95.2116554372812,98.2856526915152,101.706236941185,94.9150282190423,130.827809054054,196.907948278375,140,120.076517804688,112.38117312896,173.024349753906,84.7096568756308,90.3718698390442,83.0718279749464,125.092806690497,98.945763025892,88.6563262311691,103.015487471382,89.3963243002222
2007-03-01,119.843691112319,196.335246123126,124.85351707549,118.604205019971,96.9664546948682,105.713465890438,136.841667841197,248.304848386938,237.5,138.193968052721,152.304178291574,188.185778704442,110.833451908536,123.184283757696,107.902944422266,143.620784817641,125.775120840016,145.19746400683,116.717112073243,150.216032212609
2007-04-01,134.919671021328,204.301614458477,131.633447569125,136.778525091935,108.668851138633,104.825981895958,138.501898799045,260.245024629576,213.333333333333,147.174479345771,138.383256073353,232.788780453012,116.476779377309,138.963520202752,124.476625695004,160.845855956145,138.938729196536,118.150732868464,115.392099493942,146.140895852471
2007-05-01,124.914849800556,183.71729036156,129.253999103712,125.96682464625,138.525549696633,107.378269457627,155.315359748266,233.339904087514,206.666666666667,143.470557479276,148.926693723474,230.808909946326,99.7258331241318,106.653354523866,94.5361122843977,157.975113836445,112.729921426829,122.845198521576,112.440040138896,128.850624941543
2007-06-01,128.692277113518,175.351459201578,96.2023584377289,134.552042052026,119.383331867996,95.9767372379739,164.434807016005,246.171647750686,237.5,134.116492583185,142.347105436101,266.722799451722,103.494910374213,111.367849120171,106.513702752958,148.687293713212,119.393621293748,106.58570958452,122.020317775886,143.535192598037
2007-07-01,125.312533259949,190.017856086498,129.504586283334,133.068532273915,162.062821204343,105.533927539559,172.64251771697,236.244523393414,287.5,151.499412141457,169.784336026699,266.343371217418,111.686390856664,112.979232454696,124.737005913966,181.276326175271,132.594137306197,111.828719464083,120.392708852245,150.962678961145
2007-08-01,158.912999063575,252.846207612269,146.555829299291,174.430523268402,162.259620434193,124.08619774814,223.032766863084,329.260798352935,406.666666666667,185.904125279416,174.587230114243,336.314695019402,152.50518345713,167.367878143392,146.640215799402,227.460684335893,147.902676074237,163.082867181138,181.459334953925,180.418865453678
2007-09-01,172.082152098782,240.615787289524,176.348916158998,170.388071236204,158.419315463694,117.570452269814,170.050868039361,320.916943844867,346.666666666667,178.657085953193,183.203826809581,326.848618117129,161.046764974217,168.546094897748,134.815668125596,227.06314551736,150.240083857174,157.587264169052,195.063331665905,191.151187647803
2007-10-01,159.331411367882,263.121509397683,136.624838076683,175.974612186581,178.813316853203,119.968289205154,164.227674228286,316.592903084626,360,161.963839541349,178.901951350169,376.768764720944,148.473805524124,162.558910651352,120.968865167126,203.611676819878,154.04993875302,134.441864087609,195.0080587113,156.269385880592
2007-11-01,169.59896477513,281.050146791844,131.800234101123,198.880599173195,179.047850095939,145.338972351639,181.606676408389,348.52274949878,293.75,201.617005819652,213.468837790929,375.229247054023,173.493454547498,199.730837523619,174.557678210734,225.935282633971,164.759657831642,165.514821103678,182.738465705921,195.992208463681
2007-12-01,161.198084201913,226.432009765143,162.399976070884,196.658469430059,178.040009864433,121.158816518369,195.095070037044,347.253857344502,273.333333333333,187.056748970146,220.151122245628,316.211347241994,148.752313410039,170.456768204485,133.610188540956,235.44087451683,140.91172481169,152.437425660594,186.036073168274,159.333899508123
2008-01-01,175.473751544817,266.687142034409,139.514916611209,199.524772422154,210.230761108577,134.515519020201,200.71279469677,285.622407605533,313.333333333333,208.947822883807,225.811088767013,317.691696278928,167.432476856101,176.539095919708,144.953310669071,271.579408975356,169.231148489108,168.558386915374,192.412279250436,189.078219729913
2008-02-01,175.540014234055,299.414584647157,138.478914796414,206.095983221935,199.821027983272,152.604773748096,205.71902423073,333.700041927267,426.666666666667,204.915776244136,231.65226327175,377.842336669365,162.224870919553,206.149232656903,150.594513828314,269.440148318307,187.821554782444,152.81093076245,195.07565535351,196.201957190111
2008-03-01,181.950959775632,316.340172225402,136.764911104135,222.796907398522,215.578387099713,150.226074901817,184.806562507177,389.497220731253,486.666666666667,220.150289466417,267.35370901591,420.384099106519,184.89787071123,202.381031063964,152.868187775526,265.737526528797,167.981212998196,180.3718296663,217.047499999559,220.095068145243
2008-04-01,184.59640320434,323.598909345927,151.491486611636,209.025643775595,206.7930210074,137.447548565931,210.9326641333,367.994546492255,406.25,223.020766997771,273.605109757377,389.317973267347,194.12168372914,194.256891873735,157.75395083448,263.594433909477,163.744201624697,192.622702713413,201.781572924197,203.109117013126
2008-05-01,201.566775105443,314.841699145465,171.477745322845,208.224637734317,186.477918408419,144.945160506725,188.043954716997,327.498816080033,387.5,221.434333184875,279.77062107328,372.476224350585,185.632141184208,192.882659080788,161.21911285637,274.168083853579,170.745205552895,159.79751691817,198.849508844609,174.739212524245
2008-06-01,204.817290720385,290.549567251226,180.339711835182,217.737001643007,205.535415517758,135.498937737937,194.241392690307,338.935657934426,526.666666666667,230.002683508766,291.238462000963,396.100733626704,187.800218918097,222.081069882547,158.370822459299,286.550314411276,178.020589078217,198.020785317193,224.925689342603,197.516174563919
2008-07-01,214.952518095812,303.260053677818,156.988814317996,206.650943371161,205.30927944013,150.09479482071,203.549067500923,400.595863024246,446.666666666667,231.019005539153,307.544780568533,429.862940200569,194.563849512243,242.823776795198,161.697205485923,318.182429868588,181.077629633705,196.200329755512,223.129524828855,193.034518219924
2008-08-01,192.781360139372,290.74623878952,155.43948782154,195.91549986235,205.830636713215,129.054049456096,187.116977017483,358.752988299539,431.25,203.888923061649,282.369726852603,324.832836437945,182.378844722723,195.062518773435,154.015333035125,282.765286154292,162.656012872837,163.568654186929,242.854129351026,146.166337392681
2008-09-01,217.662900214373,336.577837295441,153.211480291603,249.278393788791,207.701755943243,153.261089058483,229.046510780333,385.464777252693,433.333333333333,235.117050334009,339.587710448824,415.554373999466,204.728030905766,217.412223622538,184.649612717902,284.00254150135,184.086471962418,203.512215128408,246.867026236746,167.635858907568
2008-10-01,221.052327204712,387.584690339938,175.854505591178,263.500810287462,246.096396174632,154.928351279643,227.824382869031,403.317496244013,437.5,248.718526478949,345.544861487656,437.460186333207,255.034191091589,244.180011070785,261.342804040781,292.332372509686,180.691773307091,236.148018475232,228.560074942986,190.123029730675
2008-11-01,239.433435855688,340.877531821669,197.999185135684,264.078869052948,204.380894005509,164.541326728158,211.819816355763,399.223268675186,437.5,242.784667529449,364.701650762088,421.733620448502,220.407159295062,241.365748841804,209.980492925519,297.016955818646,168.676007334228,204.222948928368,252.027817337016,157.342438472171
2008-12-01,238.445987739222,285.488373582072,206.29733892171,250.462902441029,234.734274212177,156.125260373797,217.713993293689,410.575153565561,366.666666666667,238.773756495832,357.505639736801,395.490871470546,223.473476033873,244.501447922587,197.092089862225,290.693896597676,165.627331908395,198.703902018797,290.063059368242,172.613289531803
2009-01-01,229.660704924647,322.429573995787,166.612709495839,247.006059628299,211.349487544397,139.756849199977,207.645226715748,386.113858858489,418.75,224.478878228772,341.30038718283,416.635565753848,207.260527674945,243.407769995639,176.550415455222,290.322087414174,141.349749065344,189.345602974407,256.064639238794,168.759171853421
2009-02-01,255.783647570693,344.894611206284,174.751490714203,308.274498504911,261.756316999587,186.100808729753,232.484839634674,469.103950083253,568.75,259.28377108684,367.045532450387,468.240407970625,247.062132129244,312.345613935236,239.668891653502,277.749509330101,157.067081541674,242.108021432124,267.38799414018,194.94922126649
2009-03-01,272.616914446892,344.715335104465,189.917284676691,287.095288388605,240.04498450421,169.417714119754,214.130092612568,486.876078504789,550,239.473306851343,375.429385428527,423.341377675508,246.865550117333,277.910554933595,256.41481235969,303.686070008965,141.043991641213,231.278650597328,273.446961739668,171.674962672186
2009-04-01,234.612643215937,300.755164892303,162.121120406542,247.29930209755,204.165137776914,152.475957612281,202.312217822279,405.82716913621,480,216.885257164936,325.134004640479,423.786094526416,199.414653570257,235.912946066074,197.935250820916,259.490546845325,125.153741937472,210.894258253268,266.238665759416,161.000677215107
2009-05-01,229.955993872108,266.504284186156,160.83267629351,230.707956557939,214.705912262402,144.548398172896,206.903520843631,420.595552375839,456.25,211.338102621247,333.162150550686,385.589084016134,188.39509595401,236.861200010823,191.582736808026,247.288357934832,124.274463372587,186.572424386969,248.400447739603,133.624315874184
2009-06-01,217.235393938391,256.412328440286,142.314491457128,216.899006838744,187.473035596736,127.972148533719,183.20514338476,406.724382426836,480,213.775094204776,312.603103984898,411.208080176236,171.428346531607,229.870935631566,171.788959353968,281.526287320136,124.42480509622,182.302764088542,224.280053764695,116.715143227727
2009-07-01,192.650092233471,242.159528647935,140.235397624945,219.045056096521,185.227022422482,123.829357634961,167.31558781541,389.249330092028,493.333333333333,201.787130920119,293.295583934972,414.008968481247,168.420939045009,243.438376190297,174.299572474195,229.631393870337,107.376249229599,177.919090010325,242.923077435548,108.89109701974
2009-08-01,211.018273482039,252.750043678899,149.373857638906,225.369166199726,188.375683845876,134.836207058889,188.799463729885,348.928932846922,400,187.273206791228,300.477183439793,348.389083357441,172.58428345476,231.333563498083,170.206516016547,225.140537108878,102.487286803963,170.671816902328,236.378037175757,111.910398564354
2009-09-01,191.752506462394,253.831788217397,138.366498342493,212.634649792911,160.598531221808,125.96746508347,170.393119998176,348.573581432796,420,176.70005658934,275.537651380342,352.784638539618,148.566225948559,222.385475379791,179.273894121406,216.742011901056,94.5768930777405,174.456950179822,217.066765428446,95.5741654025257
2009-10-01,200.298393798773,228.892657257802,176.951011610036,216.64818950998,165.870728739957,128.528865718968,172.548222869712,380.26679685712,512.5,184.814672262209,258.845991420859,312.583421839228,155.280337849699,209.067398532525,173.134882125654,214.342291332052,91.6137788684739,172.858646900775,236.413101247321,106.778811243304
2009-11-01,194.967640930161,226.998412104589,180.808102459028,217.200081281592,199.091285135128,119.55108983497,199.622172257049,329.522640263076,386.666666666667,175.901996170425,282.715292493561,312.683072547569,164.582556304756,239.693163027972,195.833416169001,214.80189101458,88.7532135333084,208.993885297066,232.456325636935,104.043173070709
2009-12-01,185.157684412379,222.759776470402,164.551037667345,205.672273924761,198.642117446647,118.285034840325,164.246358255354,333.634013034794,393.333333333333,167.543944030495,289.434517311127,337.205679202957,151.865279317847,225.806476368566,175.570908629313,214.225353735782,91.14421115282,196.420827308997,224.906367570187,85.5694405232726
2010-01-01,180.62936737768,229.606901817947,172.114628174381,206.761309277253,177.103299453001,108.311349386241,159.741258124868,335.720136799533,500,164.391141994622,292.298932895053,341.620805824164,154.099053299447,212.416692272397,168.973080539465,179.100660504821,76.7544106821729,176.692169108317,205.267312862821,91.3550302606443
2010-02-01,181.02223260099,207.178200551621,162.95131863871,206.227938770642,186.60158575329,113.986849216036,159.770423691659,367.540685420539,533.333333333333,160.971210985959,295.821146970308,345.935111328192,157.001139733066,200.274838362937,168.484132547341,208.048249873561,78.8290515520194,162.121100052639,243.169025999992,85.8877284809597
2010-03-01,183.597114292238,197.292858560573,162.089171691285,203.099849931371,183.370797116661,114.993432034572,170.642196348004,349.477189447297,456.25,162.867662368393,301.756638666706,337.562567918496,144.415372851897,215.460088342975,172.259635653352,183.119171573089,72.7593981949877,164.343826866785,219.676473478225,88.0400961955143
2010-04-01,182.397137820796,205.671079510059,170.263019535024,191.577814184794,205.640277587078,117.290232826039,162.532056778408,309.339652304775,466.666666666667,144.241410173607,274.974664566936,297.226037386184,160.409178875949,208.715954450807,163.276785674085,179.805158993728,72.9212623890992,164.587714818966,207.974746624203,92.0012181596951
2010-05-01,171.872271147514,223.038688840088,185.573277420956,201.95979591912,172.166796895151,113.17707321155,157.461226499921,294.7516940529,333.333333333333,139.33903222454,259.794841517587,288.45517544896,153.623962102382,209.158120017769,179.989019622601,178.799346987914,68.7699219028081,178.590241894405,214.245099645511,77.0907676682612
2010-06-01,172.905312544636,216.477639521528,181.010057192764,189.281673040718,165.619626300332,116.680805133493,172.660344656436,294.875777067471,353.333333333333,148.314706714022,296.42053385885,324.015504358533,159.315840414879,199.016509333421,178.396767200295,160.827303966216,69.4083762993986,185.817377585497,225.366053928227,80.9863425137808
2010-07-01,177.881111078295,222.832921224759,162.109346410507,194.498543819209,174.486234252306,86.3053396714874,165.468204857279,318.433220387417,393.75,146.328271686592,260.442035667983,317.170985608755,160.504921891503,200.877596216817,168.974582504433,178.278358275976,58.6434046719947,155.09297777532,203.278780464195,82.728368047223
2010-08-01,178.607115845846,218.63814684975,186.209454271435,211.718351275874,194.888886966265,83.3482225724796,164.211693380643,344.017231848496,443.75,151.211116213563,272.392223467484,307.134681300803,152.408845067266,187.832681386124,180.669768480038,173.138164147487,55.9968269279663,176.512817957503,244.248210237993,78.7068067353794
2010-09-01,181.473094635646,228.283086804122,173.769027512049,205.983906678593,172.904340181378,84.7850787979961,160.141766824743,391.294664577664,386.666666666667,141.600185652032,315.72586163946,327.922893553256,160.752138430424,209.569234732102,177.283991773583,179.66033505566,55.4244108956074,184.213985380743,259.534433724278,83.8154299503827
2010-10-01,199.939599950399,302.26662725844,200.612007002257,270.079196967084,218.621171175051,113.530720323903,194.362214922967,368.741517677587,400,210.809226031528,340.835938794188,420.9208036992,219.363798870778,259.90890798976,267.872279018317,210.615946578155,80.7686170676972,227.223383730196,312.436298925393,117.794717898662
2010-11-01,174.445081324043,230.795195387975,189.150688666605,203.722094429077,182.662913042273,79.7001105423943,163.078106502713,276.160574801124,331.25,148.431263752889,269.914023687084,322.640927549682,155.633314678649,184.213730931812,193.677915884936,170.170893292288,56.2425373768656,169.758749202589,225.990497646608,80.6477730544829
2010-12-01,161.590614047973,202.338014840928,177.220069030417,199.195343033574,174.021330968008,79.7117796469543,164.28390697553,303.171685836411,300,148.719615266499,254.737247619028,292.387038784117,151.721185332808,187.384831450834,185.278533298224,161.90909299736,55.8603573608517,166.132200221449,197.149740472544,70.815925210247
2011-01-01,183.206706118859,211.117042775126,176.120473027459,203.852261846044,186.558804099045,76.4286663923757,174.254102963938,275.584279376826,343.75,125.966785176733,196.251747566058,307.906577651156,130.138473705613,174.108016975398,171.268559902042,177.335196190574,170.521605565312,178.2164917857,201.252669784861,163.591866959042
2011-02-01,172.792925281228,192.680592132785,163.11539899009,182.243905915037,158.930489975837,69.7881698626764,140.722044534322,256.309249070001,286.666666666667,114.429749060727,187.289505739483,255.135628583497,119.055215211624,176.50391837755,155.835014754733,142.740468375567,155.293037811524,164.360953035121,185.957363710392,151.705815377079
2011-03-01,154.728271782459,163.12374784212,138.243119082587,170.153078540976,142.957421299566,56.3060414929681,140.135787591904,236.41728397252,273.333333333333,103.58559329987,195.135357027215,255.527956400401,106.099736571622,149.359723463038,140.64473950687,140.537607417059,137.20295507432,130.894190212783,183.910700747084,136.464795076573
2011-04-01,154.500568751128,181.574783255663,143.230465684128,175.617429542276,137.635765330549,67.8094555429406,118.112239126419,248.777764419213,318.75,101.493992338581,169.438487927468,278.742605814562,111.69420511592,139.862412778371,149.460801449774,147.991714038254,140.957148011814,159.762240785524,167.243578481295,138.003808335998
2011-05-01,153.303371235491,184.622706127082,154.324212808232,183.555274184904,148.360699119876,66.0801590686526,135.53248749577,265.033854965349,243.75,113.122472609182,185.784000384889,252.390568976683,123.969637193714,146.426150682026,149.227777856651,150.512276630395,152.925644497557,147.142008255128,177.224918347633,141.215274497384
2011-06-01,162.268234523106,184.803101400431,150.836007154727,176.683848628449,136.570551875511,71.5148101531304,136.283676308993,237.255533874906,243.75,104.957181442365,188.681038617635,263.986419351909,111.745766210414,145.226897670693,155.171301343561,148.998711345386,137.680108249794,146.360091899799,175.714168069729,147.681426885792
2011-07-01,148.614593334885,172.619623798481,143.511372216592,163.962186203152,129.97503809376,71.2952168565864,111.026128321509,225.988771378759,250,96.062290596628,176.330382384077,239.632754247815,99.9820320290454,140.214078114903,126.838430777999,138.075914548959,144.278734729995,144.578993640316,172.895565622026,140.577405316336
2011-08-01,162.488588991232,166.248646321298,135.64030225131,171.677651920027,139.288529987506,81.4974894580523,130.219142989373,226.071341178609,280,105.108215582137,174.654715436096,253.391311400556,104.533104132062,133.944055756043,135.354991653892,146.476700219124,136.356649537861,138.015714135433,136.757049187109,127.89953857927
2011-09-01,153.314661527997,190.317325134544,150.190511582115,168.093827028152,132.002047243881,79.778029881872,126.618658741976,221.313611003183,237.5,103.285108085593,195.806179921355,246.704427197916,111.631620872438,129.564283300763,133.245587483807,133.252369482441,137.462371261936,142.933478454751,136.214188262093,127.065636415808
2011-10-01,145.67021137975,180.047313865616,115.8363078991,171.049784975352,127.464310841176,72.8302177931482,113.759108772363,190.133381280398,256.25,97.6076392444507,170.155312278657,242.929169173648,105.373758446634,122.23759560587,139.174382884818,126.154399645224,136.370105925629,134.916310151415,136.194413647644,130.213154110353
2011-11-01,147.081647793179,164.190124716725,120.214737782178,157.102270022968,123.620121766913,75.0112304638507,116.215372699839,211.023406350462,193.333333333333,100.553345437794,181.935588775054,234.018660347482,110.321858775219,113.231173364132,159.886663781886,126.570151530262,134.409079008192,138.597773419294,149.148594173443,127.819513547897
2011-12-01,154.855902555972,188.108407605932,132.86020688869,158.290380230862,135.776525153421,79.116487153749,119.369022614075,211.072853530028,119.047619047619,100.976829730476,156.960687906427,280.103690130425,107.443943493654,125.014856908105,149.549139785651,123.256459450233,132.636441422084,126.518420529745,159.679031422081,115.075054982681
2012-01-01,152.240375726149,165.63372864355,119.137052834695,162.411872419962,119.989367344546,73.3706039588049,114.089881923675,215.451487672756,200,90.722398475787,172.326371760593,255.225456954067,111.074900607508,120.56815396295,128.924225437233,129.539467251035,119.008554605363,118.857250505879,154.04329532198,114.72878583097
2012-02-01,146.540387888678,183.218944668334,130.178063720165,162.870014755936,130.096434535315,73.3669725328293,117.986099274464,183.766930596552,256.25,96.1999266887879,183.351503736779,280.835907040599,111.111057471555,120.568164166058,122.151453404412,125.93835748891,133.603156827573,118.937196156364,163.401451294591,138.378496154804
2012-03-01,133.248952166746,157.269517960174,119.641777757654,144.12040831437,111.544562850102,61.2086036093039,112.289342880086,160.68009599867,206.666666666667,84.7623105460719,141.570351480658,209.149446058857,94.2709595016254,97.1443968005552,119.104196718158,113.070224153375,115.160234349899,106.589500780252,153.713895140946,114.455874163456
2012-04-01,131.192422673725,150.349231888802,134.419650818721,137.312309968065,112.297615593475,64.1447089401318,101.984853285048,176.214798514761,168.75,74.6518912418321,166.208386179576,222.400052558443,98.3055389396053,101.085098267834,126.42690604507,110.448208486816,105.021850065486,100.779361124053,152.325016468202,105.804067984261
2012-05-01,121.442938818339,162.806246534723,118.103027206842,142.676435780092,123.290064462307,57.8202771134718,102.547264346452,140.006682780403,160,81.0668338139981,156.405854785192,220.511103269296,94.3230410497993,88.7575850052365,113.168339032585,108.838836962105,107.39916849345,105.240251199395,144.713368402563,109.760761092707
2012-06-01,109.06739698732,171.301099986958,112.94592595903,134.344459832092,119.498710318584,60.2237694249403,106.872745958664,123.086047050714,137.5,76.7471644000705,139.124088176114,191.340313768956,92.3571986779794,84.8968001882211,113.336956894149,107.137476350991,104.913824215063,103.519368933752,144.951698186399,100.042720277993
2012-07-01,118.588993360017,152.153193048466,116.155488281848,132.876513876999,124.497980066875,59.532411224711,93.1470150801132,155.707801426177,143.75,79.5685614225235,120.02561081056,205.092302966024,92.1182832182436,81.169107480508,119.466348565523,104.382481283807,112.337617244114,105.056193310491,147.136853589254,110.303529804215
2012-08-01,115.670613154873,143.089739177083,113.328384806531,137.054704797785,125.007628943958,52.0113414658934,98.8676296562979,137.610457032993,160,69.5846943209546,115.346423427275,197.022466943445,88.919309622484,85.4982695581952,104.548357200583,95.0714520208193,108.622367895086,114.951098790372,149.430936225369,98.3846247624354
2012-09-01,108.989843632729,144.698409069193,98.8032756827692,129.985055870357,107.180382059742,56.5228097753645,90.6040618101287,138.321743512194,104.761904761905,76.3261196330827,129.485688756009,218.979401885564,89.8068463687205,75.6152482980622,94.4969016125113,96.076227238664,100.700904732378,98.9081441639834,148.030484583164,103.533263294069
2012-10-01,106.217915066124,124.366017839221,111.650501466185,143.643290275161,105.458223461872,47.12522252371,87.5383059233585,147.377003535591,143.75,72.8022819874873,136.66301982982,162.26480411208,79.7143607361913,75.2391897518455,112.967194916206,85.0374008628843,94.9289012376181,99.9362634310439,146.985348067862,96.3562819814202
2012-11-01,105.20680340125,129.082527410461,102.784521310283,128.961701629897,101.73651609095,53.9141149369182,94.7517651410948,144.085040839427,118.75,68.7180301439302,104.161167975961,183.713675762127,69.5142682518856,73.5690957430478,101.748576847562,84.1566723974827,93.6691682882297,98.1791839943934,142.116456647803,97.4847337073459
2012-12-01,101.910276159666,123.061636099177,115.041536427283,130.841834498346,102.200725196777,53.9962362038081,88.6297937442177,148.361186284319,118.75,70.8327434571089,129.854414129269,194.258823109709,74.1086726036831,66.8425881225112,101.578581759523,89.3565059484468,89.4085087770223,96.2010799541251,145.250658709023,95.8947661267676
2013-01-01,100.936625780805,127.022788958584,107.085409474539,131.523078902691,106.389244570466,50.6603129647416,94.9124968931592,125.260286194606,112.5,66.3943598861556,137.641669222838,206.634845058684,79.6476857124022,63.9130356117664,94.329554670642,78.9212021056277,84.7892074412395,96.2987616964076,138.310460509585,99.858381181073
2013-02-01,87.9241432788131,114.362932253775,97.398100260653,129.258325005764,97.3604681815772,44.7360123543089,80.4395112934277,145.078059457444,120,55.6702386423821,121.4518488278,182.289250314362,75.7196638885506,63.3351916324778,83.3365076731661,74.1416595945922,74.7056934679027,87.8775812745898,128.064281334567,88.6188521854364
2013-03-01,109.437120461721,120.924563672589,94.4633927102061,128.500984146008,108.242418749039,48.2250067252357,80.1193754665139,146.074917121617,150,60.2031338797697,131.124876717181,179.087407157917,81.9320296739389,63.2181295568804,105.917643671454,79.0235168280837,75.6192796521273,91.1096124742355,95.0953938241278,94.5473805259247
2013-04-01,102.844846457083,128.251513696869,102.788812199625,138.668139083969,123.692073479982,53.3689852086005,89.2545545740336,155.482098642064,193.75,68.9288495201459,139.100942238239,200.880053576143,87.9538149056523,74.636227595403,93.1139814428944,79.0702165248994,73.9923106925538,97.9365853723711,144.243924108662,99.0815881096257
2013-05-01,99.3613325483477,118.224168975238,107.284487775839,125.266463462852,99.7531010960145,49.5600958174129,83.9372238503718,119.263620626138,126.666666666667,55.3437317339264,124.053525838755,168.339169613993,83.5581081826501,64.760312784298,88.6030155581582,66.8324919582766,67.731643708261,90.3604118068554,126.789664929238,92.5065294407127
2013-06-01,82.4663506150338,114.23743966995,90.4721301571087,114.271414297241,106.337074839917,43.2862621090401,68.6906007843697,123.082858736161,133.333333333333,51.1417798520251,118.932556041782,156.860791786511,80.9151020470315,56.1330504003599,82.4274546784766,61.726134951723,62.3040465161128,84.7128908419954,116.873660471243,82.6440318590535
2013-07-01,82.2694255834685,122.566542199517,79.099556293043,115.646240107087,90.4996149409574,48.7800900675983,71.6620274434675,107.050504654601,80,52.1051772777567,106.592567637892,135.930607797943,81.115384473572,52.4061950358304,29.8900262480534,60.6705230729682,58.0799479579751,77.6633391191052,113.09380938008,82.7276228457052
2013-08-01,75.5510615468881,116.484731421459,76.2558487901879,111.610761684509,89.9333409385432,46.2331706753117,66.74421754894,117.952832663142,73.3333333333333,44.6437228439967,98.1394498263065,144.620632941587,78.9416885381415,42.7439494824923,31.3817739172761,51.0512276576034,59.2934004819748,73.5471476600196,119.639858842328,81.327704097221
2013-09-01,79.6532324487676,103.466975993665,81.2097115213731,111.170049993209,91.4410089764297,44.0877864503795,65.1429588298302,121.723635128405,62.5,45.4950787935936,94.3380117237761,129.573581003045,78.2919547909749,47.5659139124598,26.6149421071256,53.8156269752826,57.9141602631956,65.3857041186044,112.973774424358,76.5232397783496
2013-10-01,69.8000427624758,115.000905495246,72.8537400647983,101.806558425706,86.793039063732,40.6984669929159,63.0110598913225,115.233734651362,86.6666666666667,45.4042156843925,94.2428762557489,126.792709865886,78.9534837435418,43.5292374996616,22.6547716767282,59.1225642609033,53.7545119529778,65.8988329885733,108.574318848818,80.7296168831023
2013-11-01,78.6722145126374,110.062365926824,84.984036157683,101.695810434985,87.9429919663046,42.8246343597788,65.4845628129077,114.068407759294,56.25,48.2385294605722,99.3827981598669,134.769834469792,75.848202151811,48.6969515092623,24.9655374393931,54.5539162974158,56.9051185106279,67.3429675112032,105.933760854725,80.0443594233492
2013-12-01,73.2682750111769,107.492016051132,77.4877248016146,93.2145701403822,87.2066542961638,46.2821172132184,57.3546534964427,90.3075995929958,40,44.1032680839589,95.1765647156261,113.733978159025,70.6815171203096,48.3276785792037,26.8217482993657,48.9710041587852,53.4561676173435,65.2127661981462,107.097048756272,76.7147948008696
2014-01-01,69.6688278903123,104.937184943576,79.7987159041408,97.918443688324,81.8422081238338,45.3521902288684,58.3227373994053,105.216841465703,80,42.3559475666758,95.9401882725833,129.505526924082,71.6777557233353,46.0500142123906,32.1631955643073,45.8822769767815,49.4798305954602,65.2171454409364,107.822999288705,78.613580146947
2014-02-01,66.6088354827177,100.206322762995,70.3796569903294,95.6818675032948,90.691043504519,42.8033138390491,59.0622018015521,96.7184726954885,73.3333333333333,42.9572487278549,86.3833331344549,132.513515917592,68.8035911842977,45.2000862814134,29.4798090392733,52.8187469656733,52.8130979950524,66.386261298638,105.061454362463,71.5784926117551
2014-03-01,67.3522409319023,105.208089067447,71.2348921497292,93.7831354487565,88.7283399751558,40.8057027416483,54.7007768752628,92.5158533792109,66.6666666666667,42.6582439847255,94.8925090903648,131.606297754193,70.1104089096119,41.1618915608185,28.1725759341879,44.3994310051694,50.3629179417627,70.7234321894078,96.3502108434936,74.8387278067122
2014-04-01,63.7245568459785,99.2946118327085,67.9693133400681,98.5816430318418,85.3271773324109,40.0274008688506,56.4299133634408,98.199601570202,66.6666666666667,36.58532405095,98.2810749579693,125.520747610456,72.4605537430389,34.6875086751312,28.4124069706149,47.357891252175,49.0104740951855,65.2292291462718,95.0705402997984,64.4038134159667
2014-05-01,61.3699166537931,101.856459775011,74.0126752938902,95.3899835841792,86.3425403415852,47.4951804013631,53.4650710008892,92.789426678154,68.75,40.3659557452612,94.6683986710738,116.959936069701,77.6093159396485,37.1930782975607,27.6279201660537,46.2559988848559,49.714555069316,67.0642342005461,97.0934252846457,63.7730075362502
2014-06-01,63.8452379138813,102.334388600679,80.3779096201438,94.0671895834032,91.5965429814742,43.2865939652137,54.4775429495324,90.3768481716663,68.75,39.6809114505714,97.4646436204356,115.02173064919,79.817589156353,40.2331149715288,20.4200458806576,47.8077283658215,47.1796894220184,58.4414403074558,99.3979076820494,64.129739986176
2014-07-01,64.4508268975869,97.0652490400866,80.6865135246156,92.9312592443826,88.1399453443479,40.2031815503555,55.3823654855129,87.8307439062621,66.6666666666667,38.3777867565917,105.04736691832,129.993014708962,73.5878621183011,44.6248146770165,21.5205224217944,44.2345013379212,47.6889203598324,66.519518170932,95.1478371099405,64.3436725271786
2014-08-01,61.5843165248074,93.3931631523127,80.1258876982345,82.5294820506593,90.3060251855175,36.601829248147,50.5740561658799,79.3728184838733,66.6666666666667,38.9293146501079,101.599459217473,110.963776270927,71.3616540523357,48.5293742643626,26.8076449286725,48.1546287605709,44.2693897120044,64.3203384318449,90.8287829627647,59.3818904554474
2014-09-01,64.9030611376166,99.0933137165229,75.2301626988412,94.0921265596131,76.5308401070864,39.3640525516563,57.6711647508961,88.5269293259696,60,39.5824673888501,96.6924463587924,113.071800091016,75.4870281414823,37.8719472927371,29.6375061527671,42.1163823251146,47.8129409991777,54.2035165549787,88.3798599582146,58.8234526619056
2014-10-01,64.9101031146321,102.496203192162,77.3158625370103,93.2573167189129,80.947779464044,42.8395793826862,51.2224352231072,87.3358691883262,68.75,41.1166396574189,102.961130431775,109.704043222155,81.1753756200396,35.9761378063718,22.6966801743899,44.3441315127295,51.943395429389,60.1782440106201,93.8057679940991,56.0890963603093
2014-11-01,59.8596832829251,86.076276196892,73.7571943964169,89.7023347834522,75.0883673033409,42.1934167460544,53.8432628064715,82.3837145107089,46.6666666666667,36.8417036115891,97.3649345033812,107.195612245949,74.70520467356,42.2309274743096,22.0979531747134,46.6063830677528,53.4724621583278,70.4084850028838,96.3714047990527,56.4763173224054
2014-12-01,60.4982359902214,98.2165513373357,67.8165705151399,91.7803440389651,76.3013368774798,38.5682562288429,54.8108695625438,85.7924324065808,50,37.5674908430907,92.2276640772058,127.023903489026,73.9599139036153,44.1072679118148,26.0841704404247,42.302942880466,45.5036770947922,54.0602978980623,88.3996140671595,54.7956181755671
2015-01-01,65.2248153592221,86.2939939906787,68.2043870473925,85.5025675721315,80.4818519857686,40.3130054233246,53.1683390002317,89.9060009025778,68.75,39.6024245738602,84.2903982180314,125.891771650511,74.8863191942593,37.1626525210295,24.2239166311551,41.4833890663871,49.642074894317,55.6632439520411,89.0091301710546,50.9938699967589
2015-02-01,60.4874011663435,93.2006219951104,59.4957622105964,80.3070758898957,71.0740774918255,39.0810845425327,52.7330116838273,76.5684094409221,66.6666666666667,40.3662737588022,90.7508872828495,111.113290470736,73.4647288826025,40.0800543322859,21.4905796504856,40.5484175325752,51.1402860359773,54.17505246818,84.3924095896079,54.8781646875354
2015-03-01,60.2346757888287,94.9653597302684,79.3037962610733,81.8798794095018,71.2231500961492,42.6604049819306,47.6832636362347,87.6482586484066,80,40.5574779600034,88.5982771911951,96.9991427165437,71.5980835032856,44.4654778244278,23.0573370374013,43.6975780632058,53.3065091068904,65.7058995028552,84.0522937429168,52.1511112264185
2015-04-01,59.3794093019262,105.930212932553,67.9854567589584,80.4118028641447,74.4125749569385,38.1219412002546,54.2917694050623,88.1077816759305,81.25,39.6147678317642,87.6707033973052,116.228795420993,72.4881424221733,39.9587879342086,28.6768958104176,39.5038231150898,51.0339243164734,55.4531126520777,78.6273792453512,54.4961418364523
2015-05-01,62.1001510140979,89.5211439431406,66.5386920844563,75.5979434060143,76.4883193540646,37.1704916913196,50.4298417998232,98.246204690977,53.3333333333333,40.3089764850116,82.5340832823774,106.341442309901,72.8672083853892,39.5697883256992,33.5554520469841,42.9758158699047,47.660350394089,53.8643872320643,88.4698477128779,59.1005900749245
2015-06-01,58.1924503535026,93.8521688192098,61.4813942624572,74.2046641264845,69.6967190015623,33.8766671621675,53.9878140104209,96.0226152309074,75,38.4592464173999,84.9206377849307,126.334435423403,78.1052944148832,39.9032034335774,38.5706393185242,40.3931795712816,51.0094266474471,55.0366720657995,79.0157943754175,63.0700305410793
2015-07-01,55.731126107152,93.8979811316291,62.9061641196821,76.7831114946561,78.432914443042,36.0795798662569,50.2284314336025,78.5855259976842,53.3333333333333,35.5743649808065,85.5976390601669,110.021588467832,73.5721980267765,39.1602876188877,30.7495926243414,39.4099666797673,45.8824437615272,61.7974260336813,80.8439233850716,62.9450382310834
2015-08-01,51.2085392255171,93.4433866251315,59.8132347142835,75.7356531143288,62.0047386984617,36.120554983342,46.0413851095471,84.4864034094916,56.25,35.9588873586544,76.8608199362774,113.484252846366,73.9641082534581,34.1298769659482,26.8271319045773,39.1838495395628,43.8615213783444,57.9502286604544,77.682666381443,66.7299304751056
2015-09-01,54.4961560099459,95.2717239615425,63.9660110847417,73.7432511282514,68.7290221078497,35.6899398336378,47.1930115373182,88.5278427389187,60,34.6879153557809,76.3598288269162,119.853883378689,75.4879971022736,37.6292430123139,29.6228630005868,43.6594045741397,47.5084691005351,55.812738813982,78.3786959939424,66.3635060388584
2015-10-01,53.1078308529077,88.1130913651335,57.3042016081223,67.0904619496198,63.5974918905477,34.2709420428016,50.5643045359593,81.8781891537748,42.8571428571429,35.2337533325822,73.2127935383829,102.968367044961,71.0922219682249,38.348151999593,23.39183370896,34.1912584926683,42.2818985065745,50.4406379477275,70.6005728767981,61.696798527463
2015-11-01,51.3086085243189,99.9636347399968,52.0033017302638,70.2110547109162,59.0378269516902,36.0627435505612,41.8666125805795,76.0471599716364,46.6666666666667,31.1476922510309,74.3792235400708,90.3428702406375,72.6868852640529,33.6523631799751,16.7315836291178,36.0113628372854,40.9424780757649,56.0733874769138,74.7523636655076,66.2421977933262
2015-12-01,51.287053758678,96.5974036690545,58.7825545203612,75.0866595068698,62.7645765249358,41.1394375112818,47.3467270578717,88.5160467474626,43.75,34.3330485553541,69.0358947220278,95.878724072851,78.41040120716,36.90462954927,17.6381211604252,43.5516742206559,39.3776310629609,58.0298308444086,72.9761531590609,65.039085508226
2016-01-01,51.6065665016327,97.9649973129897,62.7465374443055,70.1571559993436,62.1463613497547,33.1910349219577,43.4804153542653,84.6163388816458,53.3333333333333,34.2613354353627,64.8234530492111,94.0306181856111,71.6333235643025,31.0438630880341,18.8292062787361,43.9790740186017,41.8956083659121,59.8026622220692,69.9783374134665,54.3204362764027
2016-02-01,54.3962001845357,85.8706585884604,61.0147771562591,70.724137833291,69.2854971332678,35.3589423720062,47.5641374919488,78.0988408115221,56.25,32.818012931581,73.1935450799981,95.0003707262658,81.9745653060953,31.7073459488451,20.7519249006929,34.0125193734211,39.4517619926789,63.0421050295138,73.1339100940685,59.8217806604845
2016-03-01,47.3252828732781,87.5439823200614,56.3780934817414,64.328717843812,61.2273945758258,33.3864748742154,45.2804032505053,71.9593670981506,50,33.2534294100887,66.8631456361235,98.6580023646264,76.7385795294246,33.4216586919957,20.4431914020272,40.2566310444367,39.7646341993981,46.631200086225,70.7742546088486,61.6340756691073
2016-04-01,49.8905275300684,87.0462572169271,52.6365585806913,68.3813267386034,64.1592903974994,32.4041038564285,45.8766446849467,73.6513737147908,66.6666666666667,35.9192241650107,64.934347453193,88.3908780549786,71.8552025096217,31.6114511087751,19.7203394021879,37.0529532051559,41.2107942069003,55.4009066114237,67.8181803243544,64.4049745212902
2016-05-01,51.0227278853306,92.7031386092623,49.0308074926287,72.018316967811,69.432035488563,33.0408022738773,44.0713743797583,81.8714410761866,60,34.6448826020924,66.1149702130667,94.8389622315876,70.3969529616696,32.9567059713908,18.2541126635381,36.3967440065644,41.4286422073698,51.0559850671428,65.6800008977515,66.8090484432819
2016-06-01,49.2926496497259,90.970926846346,46.9763864583379,67.1477294792669,59.9161949089434,31.9946473221429,44.5651437680249,84.7241618330605,42.8571428571429,31.006088194051,67.3369759805164,78.1963695400549,75.3411392513631,31.5269706936523,20.985738314084,37.7056010195438,36.5668784856533,52.5631594899423,64.4171332331507,60.0253581307726
2016-07-01,47.7695989780565,81.9661137521614,45.7744780293842,60.7252910686182,54.8408467538429,30.0179213985078,41.7587741413493,73.9626291427366,46.6666666666667,32.7237027308322,71.5438035021171,88.0210899412374,71.5613385802628,29.5359976050756,18.4654145221265,34.6238136910526,38.3418947452628,44.0100936286722,60.1164000462026,59.2259752915898
2016-08-01,48.1958761135074,89.5361168846508,53.3180146730826,62.4373783458126,59.6355892288597,32.7495100322186,41.2910262776407,70.0344480893697,56.25,35.7807078572459,57.1426711794544,91.0549873651947,78.2476050432175,30.1755683540225,21.7804464605524,36.7981199167256,40.8378807861185,48.9813173798342,64.8003422153529,61.4901606902245
2016-09-01,43.8058707539084,90.2694474365826,49.6446092287569,63.7144391362268,57.327782278417,29.3915002035065,36.3309945965197,70.0853948718472,46.6666666666667,34.3753125993298,69.8189474151523,70.8362692667282,72.6946990516482,30.5706800536074,26.5890785998269,37.7494975877889,35.0202666331003,51.4254555404896,58.7036914606486,59.1574060512333
2016-10-01,48.2794837086851,87.8469463371576,45.4887227886825,63.8639073723642,48.5246805865505,34.2702562180052,40.0273621126741,76.420402687532,42.8571428571429,30.1548269136216,63.1761586551865,77.4844646089595,70.1286999082779,31.2197079582942,27.667082204367,37.987344936653,36.8697444522825,48.5398145521823,55.6979194125329,59.4399719639748
2016-11-01,43.8499342269476,86.1268093138073,43.7196181798248,60.3489575577767,51.6254757953839,18.7945646890039,38.7522830477512,72.2449938123149,35.4166666666667,31.9907068308261,60.1246585655017,73.101779401546,74.0975268254141,27.4644907114245,29.4269077700351,38.3051946654444,34.3240345619528,47.139857996727,54.3081801432444,55.8383475301576
2016-12-01,48.4374074864792,87.8301938738208,49.997402438867,63.0193870356465,61.9489078761338,15.4273557514444,33.5909493471711,70.0349084429913,33.3333333333333,31.0087549798311,51.9756864451774,96.7160684633077,73.7967550426956,32.7324604283329,34.8049994767274,39.268703142679,35.7308341512342,47.636293993408,55.3607346674029,59.0090728772472
2017-01-01,43.3252426353858,83.5073490175221,54.1947656519812,59.6570117630835,57.9322806223407,20.0725549074496,37.5755843949193,82.0122301927463,37.0448179271709,31.5628589962871,48.4048642446633,79.1944310242361,79.2700803264798,38.0991279105749,39.2003863096266,34.7050841415683,37.9804313957332,47.6811668630438,51.878238806628,63.4726726776758
2017-02-01,45.3649884010647,80.8104864477609,50.5321283403235,58.522924752875,63.1465443904992,32.5673875090442,42.6224846949396,81.6708867673193,26.4705882352941,33.7787083888527,52.7475372470031,95.6522670694476,75.2701507151106,34.110060866912,62.2854429136894,38.3769797858619,36.4156544575613,49.862749125462,55.9353202937113,57.6070259790449
2017-03-01,41.0038597091191,81.5326543695683,49.5014264944564,61.4213402095462,63.2069921190692,33.6184764868853,41.7016774048552,63.4790292009255,23.4015345268542,29.2744442817412,45.9419303773561,102.108756163635,70.0336286276433,32.8845842134531,50.2833789194333,32.3596554288393,34.2394584744538,49.6214486854163,54.6850154716298,61.0845519296541
2017-04-01,40.3264089472142,74.7046635871752,53.5068965629456,56.1800206814117,60.8562290555059,32.166200250853,38.1425589452079,63.7497996222877,21.5473145780051,30.4213343710942,43.7575924304728,108.451911833422,76.2573863372159,35.5540958490827,63.1797675629564,32.5141606339859,33.3264793740428,49.3879407688374,55.8195193179669,66.1132813358654
2017-05-01,39.6356263651469,75.789952542732,52.8623972813677,57.3910083321026,56.8530824548012,33.5573920803865,39.4956799837682,65.9671531226107,26.1344537815126,28.9928260968278,46.7979557656415,116.979632942513,73.0627199563441,32.3293754066746,63.4988115563154,30.8949871361182,32.7938808722664,52.6548323849715,52.5486503479954,73.9673385198844
2017-06-01,37.2435053925201,64.3922959120983,59.5397807413659,63.5364152619431,60.3520720399991,39.9932652430896,35.6482341591661,72.6199580424464,25.7142857142857,33.7189746744893,47.9378326164326,120.419591394726,72.4481322860689,33.8667316549866,59.6637145796376,28.4622785915121,36.3782512249802,45.4198551814467,55.765874523011,77.8109386831668
2017-07-01,38.0977599280867,68.2051298752478,58.1493472812419,63.5275343039289,62.3329929723851,46.9025441470674,39.4676712490438,69.3395623733561,23.5294117647059,32.6179373506298,44.3136910200012,124.482052665863,85.7441353706974,34.1975336823951,65.3112026404421,31.4612924369903,35.2194595793623,50.4619619856216,59.5072374439029,77.7498394762257
2017-08-01,40.6984417760449,63.7637295826141,54.1761459916142,62.1711522352633,65.0936479003083,38.5290285159464,35.7257546114152,70.0339418340971,23.5294117647059,30.2335024198145,53.262177911004,112.025090336712,68.1308621550437,33.3696795157244,59.7338132985569,28.4343107653463,35.0409140647334,74.5805112917455,54.2973150883614,79.937648173464
2017-09-01,35.158796118087,56.2593032468966,57.1215507136244,54.5344648841657,74.3942361796318,49.2040835792628,72.7522361703247,56.5693418940266,Inf,31.6842529172489,34.5285511808277,157.527511690762,81.0858345796499,32.2084546484529,60.0302657420812,23.7651498380209,34.8669566220045,47.0195501329132,61.1110689012582,103.654913439468
2017-10-01,36.6463635100541,55.0598126454832,55.4233912032507,54.4906366020098,91.4827685549661,51.5385228702221,73.0237213140091,53.2152842270067,Inf,31.564865345216,39.6117410940533,178.967918825463,89.0917332310537,32.7077716772091,61.9215044201667,23.9359214506414,29.2666090219999,55.0340179403457,65.5129309663657,112.543724808765
2017-11-01,45.4368210613478,58.5584859075021,65.9151154510396,61.5070194010818,96.6064188843891,41.7542492129913,69.1909878409621,58.5293177525596,Inf,28.0439833052572,41.7046321346149,169.886527019286,83.6966789565898,29.3182492117054,72.136093322064,21.5078815757383,27.8886255523989,46.9788552388528,54.1675644989663,107.578868495141
2017-12-01,33.5334881280348,54.341028082009,50.6084951850517,59.0255095971092,62.139171957176,48.2104870975986,39.6175132062836,55.1526735639281,Inf,27.6092325290693,55.3118434563103,109.832978675468,97.2043538613491,20.3300877234569,134.447846387071,17.4704115321444,34.3210533767245,71.3563838237051,52.9265585029293,172.599321008034
2018-01-01,31.2618419001764,54.8255778600577,43.7897742355278,59.7660200959506,70.697731083385,43.6726099418719,36.664122468507,52.3560846422201,Inf,28.8814585992863,54.9897288303613,116.974152351689,84.8548400077698,23.4127326580782,91.2708322336253,18.6681025738616,28.4116557027256,63.781019862558,54.9554995521493,143.777993513825
2018-02-01,30.4856633743083,57.9950957248228,52.5584983271411,60.2483777629313,54.1123309360462,49.4324873746739,31.738695434288,55.1275616326718,Inf,26.022588737458,41.3680265448655,118.288701392798,81.9802940094965,23.2783927140114,72.0374371888793,18.2894645208721,26.130978368593,62.8756112005625,48.5754029036801,144.756829322185
