"time","AL","AZ","AR","CA","CO","CT","FL","GA","HI","ID","IL","IN","IA","KS","KY","LA","ME","MD","MA","MI","MN","MS","MO","NE","NV","NH","NJ","NM","NY","NC","OH","OK","OR","PA","RI","SC","TN","TX","UT","VA","WA","WV","WI"
2004-01-01,100,100,100,100,100,100,100,100,100,100,100,100,100,100,100,100,100,100,100,100,100,100,100,100,100,100,100,100,100,100,100,100,100,100,100,100,100,100,100,100,100,100,100
2004-02-01,85.7142857142857,132,126.666666666667,90.2439024390244,119.047619047619,95.5555555555556,90.2439024390244,96.969696969697,72,49.0196078431373,103.703703703704,75.9259259259259,141.666666666667,144.444444444444,91.6666666666667,96.1538461538462,100,114.705882352941,88.8888888888889,130,78.5714285714286,62.962962962963,64.2857142857143,153.333333333333,65,88.8888888888889,102.941176470588,118.421052631579,110.810810810811,111.904761904762,103.571428571429,156.666666666667,83.7837837837838,70.2702702702703,191.666666666667,50,79.5454545454545,72.2222222222222,127.450980392157,77.5510204081633,102.564102564103,100,122.727272727273
2004-03-01,82.8571428571429,87.5,128.571428571429,100,107.142857142857,69.4444444444444,83.7837837837838,78.7878787878788,80.4878048780488,101.923076923077,111.111111111111,53.125,209.090909090909,158.823529411765,179.166666666667,60,137.931034482759,111.764705882353,138.888888888889,160,118.75,91.1764705882353,100,176.470588235294,65,88.8888888888889,132.258064516129,60.5263157894737,102.702702702703,92.5,100,95.6521739130435,100,96.4285714285714,135.714285714286,75,60,87.2727272727273,120,89.5833333333333,78.9473684210526,122.222222222222,190
2004-04-01,55.8823529411765,91.6666666666667,112.820512820513,100,108.333333333333,70.2702702702703,108.108108108108,94.2857142857143,75,82.3529411764706,103.703703703704,82.051282051282,91.6666666666667,140.740740740741,166.666666666667,74.5098039215686,76.4705882352941,117.857142857143,125.925925925926,85,100,91.1764705882353,116,229.411764705882,72.5,48,92.5925925925926,110,110.810810810811,92.5,96.969696969697,91.304347826087,53.3333333333333,97.2972972972973,150,60,72.5,92.5925925925926,94.1176470588235,100,76.3157894736842,184.615384615385,120
2004-05-01,88,122.222222222222,48.8888888888889,87.8048780487805,92.8571428571429,83.7837837837838,86.8421052631579,102.631578947368,84,44.2307692307692,122.222222222222,81.25,183.333333333333,156.521739130435,158.333333333333,64.1509433962264,35.4838709677419,127.027027027027,87.5,113.333333333333,100,118.518518518519,128,217.647058823529,91.1764705882353,127.272727272727,97.1428571428571,58.7301587301587,121.621621621622,82.5,96.969696969697,133.333333333333,64.5833333333333,100,162.5,47.5,88.6363636363636,77.9661016949153,102.857142857143,87.7551020408163,79.4871794871795,96.1538461538462,175
2004-06-01,128.571428571429,140,95.5555555555556,92.6829268292683,105.769230769231,73.3333333333333,86.4864864864865,128.571428571429,150,98.5507246376812,155.555555555556,172.222222222222,222.727272727273,173.913043478261,132,88.6792452830189,58.8235294117647,132.432432432432,125,217.647058823529,122.727272727273,138.235294117647,143.478260869565,100,59.2592592592593,92,97.1428571428571,45,95,130.952380952381,107.142857142857,136.111111111111,95.5555555555556,100,150,82.5,70,90.9090909090909,117.142857142857,89.7959183673469,74.4186046511628,136.842105263158,185
2004-07-01,165.217391304348,151.851851851852,115.384615384615,100,64.2857142857143,88.6792452830189,100,127.777777777778,104.545454545455,65.2173913043478,118.518518518519,102.564102564103,252,175,212.5,90.3225806451613,83.8709677419355,120,122.222222222222,184.615384615385,100,147.222222222222,123.809523809524,142.857142857143,114.705882352941,120,100,90,110.526315789474,145.238095238095,151.515151515152,180,82.2222222222222,112.5,183.333333333333,80,88.6363636363636,80,168.571428571429,89.3617021276596,102.325581395349,150,135
2004-08-01,108.695652173913,108,63.6363636363636,97.5609756097561,130.952380952381,100,100,107.894736842105,109.756097560976,59.6153846153846,118.518518518519,94.8717948717949,225,66.6666666666667,192,70,75.8620689655172,116.666666666667,137.037037037037,161.538461538462,131.25,100,107.692307692308,171.428571428571,95,113.636363636364,112.5,85,112.5,95.2380952380952,114.285714285714,83.3333333333333,80,103.571428571429,85.7142857142857,82.5,78.2608695652174,75.9259259259259,145.714285714286,114.285714285714,100,185.185185185185,160
2004-09-01,41.1764705882353,95.8333333333333,78.5714285714286,75,81.25,78.7878787878788,73.1707317073171,94.7368421052632,96,28.2608695652174,110,105.555555555556,191.666666666667,162.5,125,74.1935483870968,35.7142857142857,120,77.7777777777778,100,86.3636363636364,74.0740740740741,111.538461538462,313.333333333333,82.3529411764706,81.4814814814815,114.705882352941,76.1904761904762,105.405405405405,100,115.625,152.173913043478,70.2702702702703,89.1891891891892,110.344827586207,70,71.7391304347826,80,84.3137254901961,87.7551020408163,97.6744186046512,76.9230769230769,160
2004-10-01,50,100,106.666666666667,84.0909090909091,85.7142857142857,56.7567567567568,78.3783783783784,75.7575757575758,100,53.8461538461538,111.111111111111,62.962962962963,233.333333333333,100,88,58.8235294117647,70.5882352941177,68.5714285714286,96.2962962962963,146.666666666667,109.090909090909,116.666666666667,88.4615384615385,160,84.375,96,85.7142857142857,56.4102564102564,102.702702702703,87.5,108.695652173913,110,62.1621621621622,75,183.333333333333,80,67.3913043478261,76.271186440678,133.333333333333,79.5918367346939,104.651162790698,81.4814814814815,68.1818181818182
2004-11-01,71.4285714285714,88,66.6666666666667,73.1707317073171,65.2173913043478,56.7567567567568,70.2702702702703,78.7878787878788,84.0909090909091,63.768115942029,77.2727272727273,91.6666666666667,83.3333333333333,141.176470588235,180,62.7450980392157,70.5882352941177,64.2857142857143,94.1176470588235,113.04347826087,63.6363636363636,64,100,80.6451612903226,58.1818181818182,100,104.166666666667,38.4615384615385,77.5,69.0476190476191,64.2857142857143,80,60,77.7777777777778,125,47.5,76.9230769230769,66.1016949152542,47.0588235294118,72.3404255319149,72.0930232558139,52.6315789473684,133.333333333333
2004-12-01,91.4285714285714,88,53.3333333333333,67.5,85.7142857142857,48.4848484848485,67.5675675675676,80.5555555555556,75.609756097561,39.1304347826087,96.2962962962963,50,148,166.666666666667,72.2222222222222,46,93.1034482758621,88.2352941176471,70.3703703703704,113.333333333333,90.625,80,92,150,50,111.111111111111,82.3529411764706,73.6842105263158,84.375,66.6666666666667,84.375,146.666666666667,69.7674418604651,88.8888888888889,68.75,72.5,68.1818181818182,69.4915254237288,80,93.8775510204082,104.651162790698,76.9230769230769,95.4545454545455
2005-01-01,91.4285714285714,125.925925925926,71.1111111111111,85.3658536585366,130.952380952381,100,105.405405405405,107.894736842105,80.4878048780488,60.7843137254902,111.111111111111,83.3333333333333,208.333333333333,107.407407407407,111.111111111111,106,29.4117647058824,97.2222222222222,100,123.529411764706,90.9090909090909,175,108,173.333333333333,61.7647058823529,50,93.5483870967742,66.6666666666667,105.263157894737,123.809523809524,118.75,96.6666666666667,148.571428571429,84.6153846153846,191.666666666667,102.5,86.9565217391304,94.4444444444444,98.4126984126984,102.083333333333,106.382978723404,173.076923076923,104.545454545455
2005-02-01,145.714285714286,103.703703703704,71.7948717948718,90.2439024390244,116.666666666667,118.918918918919,92.1052631578947,97.3684210526316,134.146341463415,76.4705882352941,103.703703703704,97.4358974358974,166.666666666667,173.913043478261,112,105.882352941176,141.935483870968,102.702702702703,107.407407407407,104.347826086957,95.4545454545455,44.4444444444444,130.769230769231,135.294117647059,87.5,88,107.407407407407,97.4358974358974,100,90.4761904761905,125,203.333333333333,97.6744186046512,108.108108108108,258.333333333333,97.5,82.6923076923077,77.9661016949153,144.444444444444,93.8775510204082,104.255319148936,103.846153846154,110.344827586207
2005-03-01,122.857142857143,103.703703703704,66.6666666666667,90,119.047619047619,106.666666666667,97.2972972972973,93.9393939393939,163.414634146341,66.6666666666667,130,90.625,125,105.882352941176,111.111111111111,74,51.6129032258064,97.0588235294118,107.407407407407,143.478260869565,96.4285714285714,63.8888888888889,126.923076923077,278.571428571429,70.3703703703704,77.2727272727273,119.354838709677,118.181818181818,121.052631578947,109.677419354839,125,165.217391304348,91.1111111111111,135.714285714286,166.666666666667,77.5,105.128205128205,88.135593220339,125,91.8367346938776,97.3684210526316,61.5384615384615,140
2005-04-01,100,100,107.142857142857,95.1219512195122,91.6666666666667,60.6060606060606,94.5945945945946,102.631578947368,64,48.0769230769231,96.2962962962963,75,133.333333333333,177.777777777778,50,96,53.3333333333333,97.2972972972973,94.1176470588235,133.333333333333,131.25,177.777777777778,95.2380952380952,106.666666666667,90.625,100,92.5925925925926,125.641025641026,100,102.380952380952,106.25,93.3333333333333,104.444444444444,125,125,115,86.9565217391304,81.4814814814815,122.222222222222,85.1063829787234,94.7368421052632,174.074074074074,130
2005-05-01,137.142857142857,120,66.6666666666667,85,107.142857142857,57.5757575757576,91.8918918918919,113.888888888889,138.636363636364,76.0869565217391,88.8888888888889,87.5,91.6666666666667,103.703703703704,88,36,78.5714285714286,114.285714285714,85.1851851851852,135.294117647059,100,50,120,185.714285714286,85.1851851851852,72,103.225806451613,115.384615384615,100,102.380952380952,100,130,93.3333333333333,90.625,158.333333333333,102.5,87.5,83.3333333333333,125,83.9285714285714,82.051282051282,128.947368421053,146.666666666667
2005-06-01,94.2857142857143,154.166666666667,156.410256410256,82.5,92.8571428571429,56.6037735849057,105.405405405405,122.222222222222,84.0909090909091,86.2745098039216,137.037037037037,102.564102564103,325,158.333333333333,100,136,73.5294117647059,111.764705882353,120.833333333333,135.294117647059,81.8181818181818,107.407407407407,142.307692307692,158.064516129032,76.4705882352941,45.4545454545455,120.588235294118,87.1794871794872,103.125,128.571428571429,128.125,150,88.5714285714286,113.513513513514,157.142857142857,105,84.6153846153846,98.1818181818182,102.857142857143,78.7234042553192,78.9473684210526,173.076923076923,125
2005-07-01,165.714285714286,156,37.8787878787879,85,104.761904761905,117.777777777778,108.108108108108,127.272727272727,125,80.3921568627451,127.272727272727,120.689655172414,325,187.5,232,114,103.448275862069,126.470588235294,152.941176470588,186.666666666667,115.789473684211,140.740740740741,142.307692307692,193.333333333333,97.0588235294118,89.4736842105263,114.705882352941,128.205128205128,113.157894736842,157.142857142857,139.393939393939,190,100,113.513513513514,112.5,120,123.076923076923,90.9090909090909,94.4444444444444,116.326530612245,84.2105263157895,153.846153846154,180
2005-08-01,117.142857142857,129.62962962963,75,77.5,130.952380952381,86.1111111111111,92.1052631578947,108.571428571429,88.6363636363636,125,137.037037037037,117.948717948718,225,150,91.6666666666667,130,64.7058823529412,88.5714285714286,150,141.176470588235,127.272727272727,92.5925925925926,157.692307692308,213.333333333333,111.764705882353,113.636363636364,126.470588235294,105.128205128205,105.405405405405,121.428571428571,115.625,216.666666666667,88.3720930232558,114.814814814815,171.428571428571,132.5,80.4347826086957,96.6101694915254,155.555555555556,104.255319148936,93.6170212765958,146.153846153846,131.818181818182
2005-09-01,82.8571428571429,92.5925925925926,60.7142857142857,68.1818181818182,96.7741935483871,49.0566037735849,57.8947368421053,80,80.4878048780488,119.565217391304,92.5925925925926,82.051282051282,191.666666666667,148.148148148148,145.833333333333,66,72.4137931034483,91.4285714285714,104.166666666667,120,81.25,135.294117647059,160.869565217391,94.1176470588235,70.5882352941177,90.9090909090909,80.6451612903226,130.15873015873,78.9473684210526,83.3333333333333,118.75,140,64.5833333333333,100,150,95,54.3478260869565,70.9090909090909,80,70.8333333333333,90.6976744186046,63.1578947368421,115
2005-10-01,57.1428571428571,75,110.25641025641,68.1818181818182,95.2380952380952,54.0540540540541,54.0540540540541,68.5714285714286,107.317073170732,36.5384615384615,92.5925925925926,75,166.666666666667,129.166666666667,148,105.882352941176,48.2758620689655,76.4705882352941,81.4814814814815,91.304347826087,75,69.4444444444444,107.692307692308,242.857142857143,76.4705882352941,60,97.1428571428571,58.974358974359,75,92.8571428571429,90.625,169.444444444444,73.3333333333333,70.3703703703704,117.241379310345,77.5,63.4615384615385,64.4067796610169,85.7142857142857,73.2142857142857,72.0930232558139,55.5555555555556,90.9090909090909
2005-11-01,102.857142857143,80,46.6666666666667,55,78.5714285714286,56.7567567567568,57.8947368421053,78.9473684210526,54.4117647058823,58.695652173913,88.8888888888889,87.5,118.181818181818,179.166666666667,76,72.5490196078431,75.8620689655172,72.2222222222222,92.5925925925926,130,114.285714285714,70.5882352941177,92,171.428571428571,40.7407407407407,52,74.0740740740741,50,67.5675675675676,64.2857142857143,96.4285714285714,106.666666666667,71.4285714285714,53.125,125,50,63.6363636363636,61.8181818181818,80.5555555555556,60.7142857142857,61.5384615384615,59.2592592592593,115
2005-12-01,112,74.0740740740741,67.8571428571429,51.219512195122,80.6451612903226,51.1111111111111,47.3684210526316,72.7272727272727,89.7058823529412,37.2549019607843,81.4814814814815,83.3333333333333,200,111.764705882353,125,75.4716981132076,51.6129032258064,57.1428571428571,88.8888888888889,76.4705882352941,68.75,97.2222222222222,72,164.285714285714,38.2352941176471,52,70.3703703703704,50,51.3513513513513,70,71.875,94.4444444444444,58.1395348837209,61.5384615384615,50,65,67.5,58.1818181818182,77.1428571428572,55.1020408163265,61.5384615384615,53.8461538461538,65
2006-01-01,200,112,125,82.5,104.761904761905,75.5555555555556,78.9473684210526,105.555555555556,80.4878048780488,50,96.6666666666667,120.689655172414,291.666666666667,129.411764705882,208,109.803921568627,121.428571428571,121.621621621622,148.148148148148,129.411764705882,131.818181818182,142,108.695652173913,278.571428571429,70.5882352941177,168.181818181818,88.8888888888889,135.897435897436,94.7368421052632,122.58064516129,103.030303030303,160,95.3488372093023,112.5,125,125,97.7272727272727,78.1818181818182,137.142857142857,93.8775510204082,87.1794871794872,76.9230769230769,131.818181818182
2006-02-01,88.5714285714286,119.047619047619,117.948717948718,77.5,102.380952380952,72.972972972973,73.6842105263158,108.571428571429,96,43.4782608695652,90,122.222222222222,100,121.739130434783,116.666666666667,60,60.7142857142857,110.714285714286,114.814814814815,153.333333333333,100,46.6666666666667,78.5714285714286,150,44.1176470588235,96,76.4705882352941,90,86.4864864864865,121.428571428571,103.030303030303,117.391304347826,62.7906976744186,90.625,183.333333333333,75.8620689655172,97.5,76.271186440678,117.142857142857,74.468085106383,111.627906976744,97.3684210526316,130
2006-03-01,132,77.7777777777778,66.6666666666667,92.5,91.6666666666667,83.7837837837838,71.0526315789474,97.1428571428571,92.3076923076923,60.8695652173913,103.703703703704,102.564102564103,200,162.962962962963,150,132,114.285714285714,105.405405405405,95.8333333333333,145,113.636363636364,94,80.7692307692308,350,85.2941176470588,109.090909090909,96.7741935483871,60.5263157894737,81.5789473684211,100,132.142857142857,136.111111111111,86.046511627907,100,225,117.5,90.9090909090909,72.8813559322034,96.8253968253968,91.6666666666667,89.4736842105263,114.814814814815,175
2006-04-01,91.4285714285714,96.2962962962963,84.4444444444444,92.5,133.333333333333,53.3333333333333,68.4210526315789,97.2222222222222,68.2926829268293,54.9019607843137,103.703703703704,111.111111111111,225,115.909090909091,116,66,64.2857142857143,105.555555555556,122.222222222222,133.333333333333,82.1428571428571,120.588235294118,100,228.571428571429,59.375,68,80,58.974358974359,71.0526315789474,100,115.151515151515,130,82.2222222222222,89.7435897435898,125,77.5,71.1538461538462,79.6296296296296,100,70.2127659574468,102.325581395349,46.1538461538462,120
2006-05-01,124,96.2962962962963,105.128205128205,95.1219512195122,133.333333333333,72.972972972973,76.3157894736842,105.263157894737,104.545454545455,78.4313725490196,100,100,208.333333333333,95.8333333333333,112.5,103.225806451613,80,83.3333333333333,118.518518518519,140,100,70.3703703703704,126.086956521739,178.571428571429,87.5,113.636363636364,88.2352941176471,110.526315789474,81.0810810810811,92.8571428571429,103.571428571429,143.478260869565,70.2702702702703,84.375,81.25,77.5,100,70.3703703703704,151.428571428571,69.3877551020408,84.6153846153846,70.3703703703704,105
2006-06-01,102.857142857143,108.333333333333,107.142857142857,92.5,138.095238095238,82.2222222222222,68.4210526315789,102.857142857143,117.073170731707,74.5098039215686,100,100,213.636363636364,187.5,125,126,85.2941176470588,108.571428571429,125.925925925926,145,136.363636363636,104,148,300,68.75,84.2105263157895,80,74.3589743589744,81.0810810810811,116.666666666667,131.25,170,69.7674418604651,100,150,102.5,107.5,85.1851851851852,101.587301587302,93.75,92.3076923076923,102.631578947368,140
2006-07-01,140,108.333333333333,96.4285714285714,102.439024390244,173.809523809524,80.5555555555556,83.7837837837838,114.285714285714,111.363636363636,53.6231884057971,118.518518518519,138.461538461538,163.636363636364,273.913043478261,180,125.806451612903,96.7741935483871,102.777777777778,137.5,180,104.545454545455,100,119.230769230769,257.142857142857,79.4117647058823,136,109.677419354839,102.564102564103,89.4736842105263,130.952380952381,139.285714285714,150,102.702702702703,105.405405405405,257.142857142857,110,92.3076923076923,86.4406779661017,154.285714285714,87.7551020408163,92.1052631578947,146.153846153846,161.538461538462
2006-08-01,148.571428571429,120,128.205128205128,104.878048780488,128.571428571429,80,78.9473684210526,102.857142857143,120.454545454545,66.6666666666667,122.222222222222,122.222222222222,175,254.166666666667,111.111111111111,84,60.7142857142857,108.333333333333,151.851851851852,217.647058823529,127.272727272727,114.814814814815,126.923076923077,286.666666666667,92.5925925925926,121.052631578947,108.571428571429,92.1052631578947,100,125,140.625,160,104.651162790698,109.375,241.666666666667,100,95,88.135593220339,97.1428571428571,89.7959183673469,89.4736842105263,76.3157894736842,130
2006-09-01,100,95.8333333333333,107.692307692308,97.5,119.047619047619,75.7575757575758,72.972972972973,102.777777777778,106.818181818182,60.8695652173913,111.111111111111,100,208.333333333333,158.333333333333,95.8333333333333,54,75,91.8918918918919,116.666666666667,176.470588235294,132.142857142857,75,156.521739130435,276.470588235294,96.2962962962963,136,97.1428571428571,89.4736842105263,90,92.8571428571429,106.25,113.333333333333,81.3953488372093,110.714285714286,242.857142857143,102.5,96.1538461538462,76.3636363636364,102.857142857143,93.8775510204082,104.651162790698,107.692307692308,113.636363636364
2006-10-01,74.2857142857143,76,82.051282051282,92.5,119.047619047619,72.972972972973,67.5675675675676,92.1052631578947,75,59.6153846153846,100,88.8888888888889,275,154.166666666667,125,54,64.5161290322581,108.571428571429,108.333333333333,153.333333333333,126.315789473684,122.222222222222,112,286.666666666667,91.1764705882353,124,83.8709677419355,55.2631578947368,82.5,92.5,100,143.333333333333,60.4166666666667,78.125,200,97.5,79.5454545454545,67.7966101694915,87.3015873015873,64.5833333333333,89.3617021276596,148.148148148148,146.153846153846
2006-11-01,74.2857142857143,80,64.2857142857143,90,119.047619047619,60,57.8947368421053,94.2857142857143,68.2926829268293,54.3478260869565,96.2962962962963,79.3103448275862,166.666666666667,81.4814814814815,76,66,31.0344827586207,82.3529411764706,129.166666666667,160,122.727272727273,117.647058823529,115.384615384615,150,77.5,88,74.1935483870968,64.1025641025641,77.5,82.5,93.9393939393939,140,48.8888888888889,78.125,157.142857142857,62.5,76.9230769230769,62.7118644067797,47.0588235294118,67.8571428571429,68.0851063829787,78.9473684210526,100
2006-12-01,94.2857142857143,79.1666666666667,62.2222222222222,79.5454545454545,92.8571428571429,52.7777777777778,62.1621621621622,87.8787878787879,68,54.3478260869565,88.8888888888889,105.555555555556,283.333333333333,104.166666666667,120,62.7450980392157,65.5172413793103,88.8888888888889,133.333333333333,135,127.272727272727,100,100,214.285714285714,59.2592592592593,103.703703703704,76.4705882352941,65.7894736842105,75.6756756756757,76.1904761904762,96.4285714285714,97.2222222222222,68.75,87.5,75,55,84.0909090909091,67.7966101694915,82.3529411764706,78.5714285714286,68.4210526315789,122.222222222222,140
2007-01-01,114.285714285714,118.518518518519,95.5555555555556,117.5,152.380952380952,102.777777777778,78.9473684210526,116.666666666667,115.909090909091,53.6231884057971,107.407407407407,102.777777777778,150,213.04347826087,168,82.3529411764706,85.7142857142857,114.705882352941,154.166666666667,217.647058823529,159.090909090909,150,148,223.529411764706,84.375,122.727272727273,102.857142857143,89.7435897435898,100,114.285714285714,112.5,190,83.7209302325581,103.125,141.666666666667,86.2068965517241,97.7272727272727,90.9090909090909,125,93.75,105.263157894737,97.3684210526316,165
2007-02-01,128.571428571429,114.814814814815,66.6666666666667,120,135.714285714286,91.6666666666667,83.7837837837838,105.263157894737,75.609756097561,86.5384615384615,122.222222222222,77.7777777777778,225,216.666666666667,133.333333333333,68.6274509803922,89.6551724137931,97.1428571428571,155.555555555556,220,154.545454545455,122.222222222222,142.307692307692,252.941176470588,94.1176470588235,112,103.225806451613,84.2105263157895,89.1891891891892,122.5,121.875,160,64.4444444444444,96.875,233.333333333333,92.5,89.7435897435898,89.8305084745763,105.714285714286,107.142857142857,104.651162790698,82.6923076923077,125
2007-03-01,120,137.5,131.111111111111,157.5,133.333333333333,135.135135135135,110.526315789474,133.333333333333,97.5609756097561,84.6153846153846,170.37037037037,116.666666666667,283.333333333333,185.185185185185,148,90,132.352941176471,144.117647058824,251.851851851852,266.666666666667,200,126.470588235294,165.384615384615,229.411764705882,107.5,248.148148148148,140,130,124.324324324324,138.095238095238,160.606060606061,166.666666666667,106.976744186047,131.25,250,95,110,105.084745762712,114.285714285714,139.285714285714,141.025641025641,115.384615384615,240
2007-04-01,131.428571428571,156,150,172.5,135.714285714286,118.181818181818,100,130.555555555556,143.90243902439,50,170.37037037037,112.820512820513,300,254.166666666667,168,116,106.451612903226,135.135135135135,229.166666666667,270.588235294118,185.714285714286,132.352941176471,134.782608695652,228.571428571429,132.5,173.684210526316,138.235294117647,89.4736842105263,124.324324324324,150,146.875,166.666666666667,97.2972972972973,140.625,191.666666666667,80,115,94.4444444444444,137.142857142857,128.571428571429,128.205128205128,81.4814814814815,210
2007-05-01,137.142857142857,148,140,141.463414634146,138.095238095238,102.777777777778,105.405405405405,121.212121212121,160,73.0769230769231,151.851851851852,136.111111111111,366.666666666667,166.666666666667,137.5,96,67.6470588235294,145.714285714286,179.166666666667,247.058823529412,186.363636363636,133.333333333333,157.692307692308,157.142857142857,103.125,137.037037037037,119.354838709677,87.5,100,126.190476190476,142.857142857143,163.888888888889,86.046511627907,131.25,216.666666666667,90,109.090909090909,91.5254237288136,151.428571428571,123.404255319149,110.25641025641,144.736842105263,150
2007-06-01,105.714285714286,137.037037037037,102.222222222222,145,147.619047619048,91.8918918918919,105.405405405405,134.285714285714,118.181818181818,62.7450980392157,148.148148148148,138.461538461538,341.666666666667,174.074074074074,212.5,104,74.1935483870968,138.235294117647,162.5,276.470588235294,177.272727272727,125,180.769230769231,270.588235294118,130,164,123.529411764706,107.692307692308,100,126.190476190476,140.625,186.95652173913,79.0697674418605,143.75,325,115,122.5,100,91.4285714285714,130.612244897959,97.4358974358974,96.2962962962963,190
2007-07-01,168.571428571429,145.833333333333,133.333333333333,165,200,127.027027027027,116.216216216216,151.515151515152,129.545454545455,132.692307692308,174.074074074074,133.333333333333,400,229.166666666667,172,146,158.823529411765,158.823529411765,200,293.333333333333,245.454545454545,141.666666666667,196.153846153846,400,158.823529411765,162.962962962963,125.714285714286,152.5,132.432432432432,164.285714285714,182.142857142857,203.333333333333,100,146.875,292.857142857143,112.5,136.363636363636,96.3636363636364,128.571428571429,146.938775510204,115.789473684211,261.538461538462,240
2007-08-01,200,228,169.230769230769,190,188.095238095238,172.727272727273,140.540540540541,157.142857142857,163.414634146341,144.230769230769,211.111111111111,202.777777777778,458.333333333333,273.913043478261,225,160.377358490566,196.774193548387,189.189189189189,288.888888888889,358.823529411765,304.545454545455,197.222222222222,238.461538461538,526.666666666667,205.882352941176,281.818181818182,177.41935483871,157.894736842105,170.27027027027,159.52380952381,209.375,260,137.209302325581,200,483.333333333333,160,160,113.559322033898,162.857142857143,189.583333333333,137.209302325581,92.3076923076923,231.818181818182
2007-09-01,208,183.333333333333,137.777777777778,175,164.285714285714,170.27027027027,135.135135135135,161.111111111111,202.439024390244,117.647058823529,200,166.666666666667,441.666666666667,230.434782608696,188,132,155.172413793103,171.428571428571,225,323.529411764706,231.578947368421,197.222222222222,207.692307692308,358.823529411765,181.481481481481,240,177.41935483871,205.128205128205,151.351351351351,147.619047619048,192.857142857143,160,135.555555555556,159.375,416.666666666667,147.5,125,105.454545454545,174.285714285714,146.938775510204,151.282051282051,128.947368421053,240
2007-10-01,205.714285714286,172,164.285714285714,152.5,178.571428571429,159.459459459459,123.684210526316,148.484848484848,209.090909090909,117.307692307692,185.185185185185,134.375,441.666666666667,166.666666666667,172,126,157.142857142857,171.428571428571,245.833333333333,288.235294117647,259.090909090909,136.111111111111,192.307692307692,386.666666666667,155.555555555556,210.526315789474,164.516129032258,133.333333333333,131.578947368421,140.47619047619,187.878787878788,223.333333333333,126.666666666667,150,421.428571428571,137.5,130,103.636363636364,168.571428571429,133.928571428571,111.627906976744,130.769230769231,245
2007-11-01,160,233.333333333333,115.384615384615,175.609756097561,145.238095238095,147.222222222222,128.947368421053,145.714285714286,139.024390243902,91.304347826087,177.777777777778,128.205128205128,416.666666666667,287.5,212,122.641509433962,124.137931034483,176.470588235294,258.333333333333,311.764705882353,222.727272727273,141.176470588235,192.307692307692,385.714285714286,147.058823529412,220,154.838709677419,84.6153846153846,147.368421052632,133.333333333333,184.375,186.666666666667,113.953488372093,153.125,312.5,115,129.545454545455,109.090909090909,114.285714285714,134.042553191489,141.025641025641,166.666666666667,240
2007-12-01,131.428571428571,170.37037037037,120,152.5,142.857142857143,116.216216216216,121.621621621622,128.571428571429,131.818181818182,69.5652173913043,159.259259259259,116.666666666667,325,217.391304347826,127.777777777778,98.1132075471698,150,159.459459459459,191.666666666667,264.705882352941,195.454545454545,140.740740740741,173.076923076923,307.142857142857,123.529411764706,222.222222222222,145.161290322581,100,121.621621621622,142.857142857143,163.636363636364,113.888888888889,90.6976744186046,134.375,283.333333333333,112.5,109.615384615385,90.9090909090909,131.428571428571,125,109.302325581395,133.333333333333,230
2008-01-01,162.857142857143,228,158.974358974359,227.5,202.380952380952,147.222222222222,159.459459459459,191.666666666667,163.636363636364,139.130434782609,251.851851851852,188.888888888889,566.666666666667,352.173913043478,292,148,200,205.714285714286,292.592592592593,335.294117647059,331.818181818182,205.555555555556,276.923076923077,457.142857142857,161.764705882353,288,214.705882352941,194.736842105263,173.684210526316,171.428571428571,242.424242424242,213.333333333333,134.883720930233,225,450,152.5,159.090909090909,141.818181818182,158.333333333333,173.469387755102,179.48717948718,184.615384615385,300
2008-02-01,216,240,202.564102564103,224.390243902439,216.666666666667,194.444444444444,157.894736842105,176.315789473684,158.536585365854,130.434782608696,255.555555555556,172.222222222222,475,270.833333333333,291.666666666667,142,175.862068965517,242.857142857143,337.5,388.235294117647,286.363636363636,197.058823529412,265.384615384615,506.666666666667,214.705882352941,300,187.096774193548,153.846153846154,167.567567567568,183.333333333333,224.242424242424,186.666666666667,162.222222222222,215.625,471.428571428571,160,154.545454545455,138.181818181818,158.333333333333,175,172.093023255814,197.368421052632,340
2008-03-01,251.428571428571,259.259259259259,202.564102564103,247.5,197.619047619048,221.621621621622,183.783783783784,188.888888888889,211.538461538462,127.450980392157,277.777777777778,202.777777777778,616.666666666667,317.391304347826,288,164.150943396226,222.58064516129,250,412.5,400,372.727272727273,222.222222222222,260,478.571428571429,234.375,331.818181818182,245.161290322581,135,200,180.952380952381,281.818181818182,263.333333333333,146.511627906977,225,358.333333333333,147.5,147.5,140,197.222222222222,204.081632653061,174.358974358974,196.153846153846,305
2008-04-01,211.428571428571,252,184.615384615385,235,214.285714285714,194.444444444444,178.947368421053,191.666666666667,152.272727272727,156.521739130435,255.555555555556,153.846153846154,608.333333333333,270.833333333333,256,164,238.709677419355,208.571428571429,320.833333333333,417.647058823529,350,185.294117647059,300,486.666666666667,205.882352941176,296,216.129032258065,137.5,194.736842105263,173.809523809524,256.25,190,129.166666666667,212.5,500,135,147.727272727273,133.333333333333,175,169.387755102041,161.538461538462,188.461538461538,370
2008-05-01,188.571428571429,244,156.410256410256,220,178.571428571429,175.757575757576,172.972972972973,208.571428571429,165.853658536585,160.869565217391,240.740740740741,177.777777777778,466.666666666667,212.5,250,126.415094339623,190.322580645161,208.823529411765,291.666666666667,323.529411764706,290.909090909091,182.352941176471,253.846153846154,423.529411764706,208.823529411765,262.962962962963,190.322580645161,102.564102564103,172.972972972973,188.095238095238,221.428571428571,200,148.837209302326,193.75,483.333333333333,150,162.5,120.338983050847,154.285714285714,155.102040816327,163.157894736842,148.148148148148,325
2008-06-01,191.428571428571,292,182.051282051282,230,171.428571428571,184.848484848485,194.594594594595,213.888888888889,187.80487804878,117.391304347826,262.962962962963,213.888888888889,583.333333333333,350,287.5,162.745098039216,151.724137931034,238.888888888889,291.666666666667,394.117647058824,313.636363636364,255.882352941176,276.923076923077,400,238.235294117647,232,200,134.920634920635,194.594594594595,192.857142857143,256.25,223.333333333333,139.53488372093,209.375,408.333333333333,192.5,179.545454545455,141.818181818182,151.428571428571,152.083333333333,176.923076923077,222.222222222222,295
2008-07-01,257.142857142857,296.296296296296,164.102564102564,239.024390243902,214.285714285714,227.777777777778,216.216216216216,252.777777777778,184.090909090909,184.782608695652,281.481481481481,194.444444444444,508.333333333333,330.434782608696,358.333333333333,198,209.677419354839,219.444444444444,329.62962962963,411.764705882353,377.272727272727,294.117647058824,315.384615384615,650,207.5,324,238.235294117647,171.052631578947,202.702702702703,211.904761904762,278.125,300,162.790697674419,234.375,450,182.5,193.181818181818,150.909090909091,194.285714285714,168.75,193.023255813954,223.076923076923,345
2008-08-01,191.428571428571,270.833333333333,171.794871794872,210,200,197.222222222222,194.594594594595,200,202.272727272727,123.529411764706,222.222222222222,186.111111111111,591.666666666667,266.666666666667,341.666666666667,164,182.352941176471,208.333333333333,325.925925925926,452.941176470588,290.909090909091,196.296296296296,242.307692307692,386.666666666667,211.764705882353,252,214.285714285714,135,181.081081081081,195,253.125,206.666666666667,148.837209302326,212.5,616.666666666667,152.5,140.909090909091,122.222222222222,197.142857142857,138.775510204082,171.794871794872,176.315789473684,320
2008-09-01,208.571428571429,266.666666666667,192.307692307692,229.268292682927,200,208.333333333333,194.736842105263,219.444444444444,175,153.846153846154,266.666666666667,205.128205128205,466.666666666667,337.5,260,145.098039215686,167.857142857143,214.285714285714,316.666666666667,429.411764705882,272.727272727273,161.764705882353,276.923076923077,520,206.25,318.518518518519,245.161290322581,138.461538461538,184.210526315789,185.714285714286,253.125,230,144.186046511628,218.75,441.666666666667,162.5,138.636363636364,127.272727272727,180.555555555556,134.042553191489,190.697674418605,222.222222222222,320
2008-10-01,228.571428571429,274.074074074074,187.179487179487,222.5,200,215.151515151515,197.368421052632,225,175,128.260869565217,262.962962962963,202.777777777778,466.666666666667,295.652173913043,312.5,162.264150943396,203.225806451613,234.285714285714,354.166666666667,411.764705882353,368.181818181818,205.882352941176,319.230769230769,460,226.470588235294,281.481481481481,240,178.947368421053,213.157894736842,200,251.515151515152,263.333333333333,174.418604651163,215.625,400,192.5,180,137.037037037037,205.555555555556,140.816326530612,202.564102564103,203.846153846154,365
2008-11-01,205.714285714286,270.833333333333,148.717948717949,190.243902439024,200,166.666666666667,194.594594594595,182.857142857143,178.048780487805,164.705882352941,251.851851851852,175,475,255.555555555556,284,142,132.142857142857,208.571428571429,295.833333333333,329.411764705882,313.636363636364,144.117647058824,244,370.588235294118,209.375,254.545454545455,217.647058823529,110.25641025641,186.486486486486,169.047619047619,217.857142857143,170,142.222222222222,203.125,271.428571428571,147.5,140.909090909091,120.338983050847,162.857142857143,127.083333333333,164.102564102564,251.851851851852,270
2008-12-01,188.571428571429,260,128.888888888889,182.926829268293,176.190476190476,167.567567567568,189.189189189189,197.368421052632,146.341463414634,105.882352941176,233.333333333333,186.111111111111,408.333333333333,234.782608695652,224,173.584905660377,135.294117647059,197.142857142857,262.5,388.235294117647,286.363636363636,175,234.615384615385,414.285714285714,209.375,164,185.714285714286,105.263157894737,178.378378378378,178.571428571429,203.125,203.333333333333,134.883720930233,196.875,400,182.5,145.454545454545,116.949152542373,145.714285714286,128.571428571429,153.488372093023,123.684210526316,235
2009-01-01,251.428571428571,311.111111111111,179.48717948718,217.5,223.809523809524,213.888888888889,234.210526315789,248.571428571429,211.363636363636,127.450980392157,307.407407407407,238.888888888889,691.666666666667,347.826086956522,332,168,226.470588235294,227.777777777778,348.148148148148,517.647058823529,381.818181818182,261.111111111111,316,553.333333333333,247.5,333.333333333333,270.967741935484,173.684210526316,205.405405405405,219.047619047619,275,270,180,243.75,600,202.5,192.5,156.363636363636,231.428571428571,155.102040816327,202.564102564103,322.222222222222,420
2009-02-01,260,400,220.512820512821,243.90243902439,238.095238095238,263.888888888889,255.263157894737,272.222222222222,197.560975609756,178.846153846154,370.37037037037,277.777777777778,625,358.333333333333,376,198,344.827586206897,285.714285714286,416.666666666667,570.588235294118,377.272727272727,255.555555555556,380,592.857142857143,294.117647058824,400,316.129032258065,192.307692307692,267.567567567568,238.095238095238,312.5,280,232.558139534884,287.5,678.571428571429,250,227.272727272727,181.818181818182,277.777777777778,169.387755102041,250,238.461538461538,500
2009-03-01,268.571428571429,370.37037037037,225.641025641026,230,238.095238095238,264.864864864865,270.27027027027,277.777777777778,186.363636363636,196.078431372549,370.37037037037,275,800,355.555555555556,392,200,331.034482758621,265.714285714286,383.333333333333,588.235294117647,454.545454545455,244.444444444444,365.384615384615,576.470588235294,276.470588235294,368.181818181818,322.58064516129,228.205128205128,270.27027027027,228.571428571429,312.5,303.333333333333,232.558139534884,312.5,541.666666666667,227.5,217.391304347826,170.909090909091,217.142857142857,168.75,243.589743589744,276.923076923077,375
2009-04-01,211.428571428571,304,161.538461538462,200,200,218.181818181818,240.540540540541,240,190.909090909091,147.826086956522,307.407407407407,259.375,533.333333333333,334.782608695652,308,169.811320754717,242.857142857143,252.941176470588,316.666666666667,500,363.636363636364,211.764705882353,280,514.285714285714,220.588235294118,276,248.387096774194,192.307692307692,200,195.238095238095,275.757575757576,250,165.714285714286,228.125,433.333333333333,180,168.181818181818,145.454545454545,177.142857142857,134.042553191489,194.736842105263,233.333333333333,335
2009-05-01,242.857142857143,274.074074074074,146.153846153846,177.5,192.857142857143,172.972972972973,218.918918918919,225.714285714286,179.545454545455,117.307692307692,244.444444444444,169.444444444444,466.666666666667,304.166666666667,260,168,174.193548387097,205.714285714286,248.148148148148,452.941176470588,313.636363636364,155.882352941176,250,585.714285714286,229.411764705882,216,219.354838709677,174.358974358974,189.189189189189,180.952380952381,260.714285714286,243.333333333333,140,196.875,387.5,175,188.636363636364,122.222222222222,188.571428571429,110.416666666667,161.702127659574,192.105263157895,310
2009-06-01,220,303.703703703704,168.888888888889,185,171.428571428571,151.351351351351,213.513513513514,236.842105263158,131.818181818182,137.254901960784,255.555555555556,261.111111111111,541.666666666667,325,308.333333333333,170,183.870967741935,217.142857142857,240.740740740741,435.294117647059,290.909090909091,229.411764705882,246.153846153846,435.294117647059,232.352941176471,240,203.225806451613,182.051282051282,175.675675675676,185.714285714286,251.515151515152,200,144.186046511628,212.5,350,187.5,152.272727272727,121.818181818182,137.142857142857,102.083333333333,169.230769230769,244.444444444444,325
2009-07-01,271.428571428571,300,151.282051282051,170,180.952380952381,163.888888888889,202.702702702703,230.555555555556,154.545454545455,156.521739130435,266.666666666667,253.125,641.666666666667,321.739130434783,300,158.490566037736,164.516129032258,194.285714285714,270.833333333333,458.823529411765,300,202.941176470588,242.307692307692,446.666666666667,250,236,211.428571428571,137.5,167.567567567568,188.095238095238,248.484848484848,253.333333333333,172.093023255814,203.125,487.5,152.5,163.636363636364,123.728813559322,194.285714285714,93.6170212765958,176.923076923077,244.444444444444,380
2009-08-01,245.714285714286,296,222.222222222222,162.5,192.857142857143,216.216216216216,200,225.714285714286,200,121.56862745098,266.666666666667,219.444444444444,341.666666666667,300,283.333333333333,168,231.034482758621,228.571428571429,262.5,440,310.526315789474,216.666666666667,272,392.857142857143,217.5,248.148148148148,220.588235294118,118.421052631579,173.684210526316,180.952380952381,236.363636363636,193.333333333333,140,209.375,450,162.5,165,125.423728813559,165.714285714286,91.8367346938776,164.102564102564,366.666666666667,325
2009-09-01,208.571428571429,260,140,142.5,152.380952380952,140.540540540541,163.157894736842,184.210526315789,156.818181818182,121.153846153846,233.333333333333,156.25,350,214.814814814815,262.5,135.294117647059,158.064516129032,161.764705882353,250,352.941176470588,272.727272727273,163.888888888889,196.153846153846,300,197.058823529412,233.333333333333,185.714285714286,123.809523809524,140.540540540541,157.142857142857,189.285714285714,166.666666666667,153.488372093023,181.25,378.571428571429,125,131.818181818182,101.818181818182,171.428571428571,76.5957446808511,164.102564102564,94.7368421052632,275
2009-10-01,205.714285714286,244,203.571428571429,126.829268292683,173.809523809524,161.111111111111,162.162162162162,188.888888888889,227.272727272727,178.846153846154,244.444444444444,172.222222222222,483.333333333333,269.565217391304,248,141.509433962264,238.709677419355,194.285714285714,225,329.411764705882,236.363636363636,182.352941176471,207.692307692308,421.428571428571,246.875,229.62962962963,173.529411764706,147.368421052632,150,157.142857142857,203.571428571429,210,128.888888888889,159.375,362.5,145,162.5,103.636363636364,155.555555555556,78.7234042553192,148.837209302326,162.962962962963,295
2009-11-01,180,254.166666666667,171.794871794872,120,169.047619047619,154.054054054054,159.459459459459,152.777777777778,215.909090909091,161.538461538462,229.62962962963,161.111111111111,383.333333333333,226.086956521739,180,126.415094339623,226.470588235294,176.470588235294,196.296296296296,300,254.545454545455,237.037037037037,219.230769230769,400,211.764705882353,248,182.857142857143,138.461538461538,135.135135135135,152.380952380952,184.375,200,146.511627906977,165.625,450,172.5,127.272727272727,94.5454545454545,160,71.4285714285714,148.717948717949,155.555555555556,250
2009-12-01,204,208.333333333333,128.205128205128,110,161.904761904762,108.108108108108,144.736842105263,155.555555555556,180.487804878049,136.538461538462,207.407407407407,166.666666666667,441.666666666667,195.652173913043,216,111.320754716981,147.058823529412,170.588235294118,183.333333333333,260,205.263157894737,150,176.923076923077,378.571428571429,179.411764705882,196,154.285714285714,110.25641025641,121.621621621622,145.238095238095,178.787878787879,183.333333333333,118.604651162791,132.432432432432,318.75,127.5,113.04347826087,83.0508474576271,120.634920634921,62.5,123.404255319149,203.846153846154,220
2010-01-01,234.285714285714,272,217.948717948718,135,183.333333333333,186.111111111111,181.578947368421,194.444444444444,220.454545454545,152.173913043478,255.555555555556,200,666.666666666667,352.173913043478,312,173.584905660377,200,229.411764705882,255.555555555556,394.117647058824,222.727272727273,270.588235294118,242.307692307692,435.714285714286,252.941176470588,272,212.903225806452,189.473684210526,164.864864864865,178.571428571429,230.30303030303,236.666666666667,160.46511627907,178.125,533.333333333333,187.5,155,111.111111111111,186.111111111111,78.7234042553192,162.790697674419,263.157894736842,340
2010-02-01,211.428571428571,281.481481481481,178.571428571429,135,173.809523809524,163.888888888889,183.783783783784,194.444444444444,243.90243902439,186.274509803922,248.148148148148,169.444444444444,583.333333333333,300,279.166666666667,136,214.285714285714,175.675675675676,248.148148148148,400,286.363636363636,247.058823529412,234.615384615385,535.294117647059,232.352941176471,300,200,195,162.162162162162,165,231.25,213.333333333333,176.744186046512,175,514.285714285714,150,157.5,110.909090909091,205.714285714286,76.7857142857143,176.923076923077,211.111111111111,390
2010-03-01,248.571428571429,274.074074074074,197.435897435897,126.829268292683,180.952380952381,186.486486486486,176.315789473684,197.142857142857,180.487804878049,151.923076923077,240.740740740741,159.375,583.333333333333,365.217391304348,288,168,265.51724137931,197.058823529412,237.5,386.666666666667,309.090909090909,277.777777777778,226.923076923077,441.176470588235,229.411764705882,308,206.451612903226,251.282051282051,151.351351351351,166.666666666667,230.30303030303,230,169.767441860465,190.625,358.333333333333,172.5,168.181818181818,109.090909090909,180,79.5918367346939,169.230769230769,222.222222222222,320
2010-04-01,234.285714285714,236,161.538461538462,117.5,171.428571428571,157.777777777778,170.27027027027,197.142857142857,156.818181818182,131.372549019608,240.740740740741,158.974358974359,483.333333333333,291.304347826087,341.666666666667,171.698113207547,244.117647058824,211.428571428571,211.111111111111,411.764705882353,278.947368421053,238.235294117647,250,421.428571428571,187.5,281.481481481481,206.451612903226,176.923076923077,162.162162162162,176.190476190476,221.875,220,174.418604651163,175,425,167.5,152.272727272727,106.779661016949,166.666666666667,77.5510204081633,153.846153846154,318.518518518519,335
2010-05-01,251.428571428571,275,153.846153846154,105,147.619047619048,145.945945945946,162.162162162162,168.421052631579,214.634146341463,108.695652173913,214.814814814815,163.888888888889,483.333333333333,291.666666666667,295.833333333333,140,225,205.405405405405,233.333333333333,358.823529411765,240.909090909091,238.888888888889,219.230769230769,447.058823529412,170,263.636363636364,180.645161290323,179.48717948718,143.243243243243,176.190476190476,215.151515151515,206.666666666667,167.441860465116,159.375,366.666666666667,182.5,165.909090909091,98.1481481481482,151.428571428571,66.0714285714286,150,248.148148148148,285
2010-06-01,285.714285714286,248,238.461538461538,107.5,185.714285714286,145.945945945946,172.972972972973,200,186.363636363636,139.130434782609,233.333333333333,222.222222222222,750,279.166666666667,288,148,200,200,214.814814814815,335.294117647059,295.454545454545,262.962962962963,273.076923076923,417.647058823529,190,248,203.225806451613,200,162.162162162162,183.333333333333,218.75,313.333333333333,162.222222222222,206.25,362.5,222.5,180,101.818181818182,197.222222222222,68.0851063829787,163.157894736842,263.157894736842,300
2010-07-01,271.428571428571,240.740740740741,192.307692307692,100,171.428571428571,169.444444444444,167.567567567568,202.857142857143,211.363636363636,145.652173913043,251.851851851852,224.137931034483,533.333333333333,317.391304347826,320,198,238.709677419355,216.216216216216,229.62962962963,352.941176470588,272.727272727273,250,273.076923076923,466.666666666667,206.25,370.37037037037,216.129032258065,192.307692307692,159.459459459459,187.5,243.75,240,174.285714285714,206.25,328.571428571429,242.5,193.181818181818,98.1481481481482,172.222222222222,65.3061224489796,151.162790697674,370.37037037037,305
2010-08-01,262.857142857143,244,256.410256410256,97.5,180.952380952381,181.081081081081,164.864864864865,197.222222222222,178.048780487805,172.549019607843,255.555555555556,230.555555555556,625,308.695652173913,328,177.358490566038,250,208.571428571429,220.833333333333,400,281.818181818182,238.235294117647,307.692307692308,394.117647058824,211.764705882353,304.545454545455,197.058823529412,215,167.567567567568,192.857142857143,259.375,236.666666666667,188.372093023256,212.5,425,217.5,177.272727272727,90.9090909090909,180.555555555556,70.8333333333333,179.48717948718,265.384615384615,335
2010-09-01,234.285714285714,228,161.538461538462,92.6829268292683,152.380952380952,194.594594594595,172.972972972973,188.888888888889,187.80487804878,139.130434782609,222.222222222222,169.230769230769,458.333333333333,282.608695652174,266.666666666667,176,179.411764705882,185.714285714286,225,335.294117647059,250,216.666666666667,269.230769230769,342.857142857143,161.764705882353,252,185.294117647059,184.210526315789,144.736842105263,166.666666666667,200,173.333333333333,137.777777777778,200,318.75,180,140.909090909091,85.4545454545455,168.571428571429,65.3061224489796,174.418604651163,134.210526315789,305
2010-10-01,277.142857142857,292.592592592593,228.205128205128,127.5,200,194.594594594595,194.736842105263,192.105263157895,213.636363636364,182.608695652174,292.592592592593,205.555555555556,575,355.555555555556,248,178.43137254902,265.51724137931,247.058823529412,291.666666666667,394.117647058824,300,208.333333333333,296.153846153846,521.428571428571,232.352941176471,272,232.258064516129,245,194.594594594595,183.333333333333,263.636363636364,273.333333333333,202.325581395349,209.375,483.333333333333,185,170.454545454545,107.272727272727,238.888888888889,81.6326530612245,187.179487179487,300,345
2010-11-01,217.142857142857,212,166.666666666667,82.5,150,135.135135135135,139.473684210526,151.515151515152,182.926829268293,152.941176470588,207.407407407407,144.444444444444,358.333333333333,265.217391304348,225,123.529411764706,207.142857142857,156.756756756757,191.666666666667,264.705882352941,222.727272727273,176.470588235294,211.538461538462,235.294117647059,162.5,212,158.064516129032,173.684210526316,137.837837837838,147.619047619048,175,160,144.186046511628,165.625,283.333333333333,140,138.636363636364,71.1864406779661,133.333333333333,58.9285714285714,118.604651162791,192.307692307692,270
2010-12-01,194.285714285714,191.666666666667,160,78.0487804878049,142.857142857143,104.444444444444,113.513513513514,139.393939393939,170.731707317073,90.3846153846154,170.37037037037,144.444444444444,425,234.782608695652,262.5,128.301886792453,137.931034482759,153.571428571429,166.666666666667,282.352941176471,200,164.705882352941,188.461538461538,278.571428571429,137.5,127.272727272727,145.161290322581,166.666666666667,118.918918918919,133.333333333333,162.5,183.333333333333,113.953488372093,156.25,325,137.5,107.692307692308,71.1864406779661,108.333333333333,53.0612244897959,117.021276595745,165.789473684211,245
2011-01-01,271.428571428571,237.037037037037,189.74358974359,172.5,173.809523809524,154.054054054054,172.972972972973,211.111111111111,180.487804878049,156.521739130435,248.148148148148,190.625,600,295.833333333333,304,162,200,180.555555555556,229.62962962963,370.588235294118,240.909090909091,214.705882352941,252,360,161.764705882353,268.181818181818,183.870967741935,197.368421052632,136.842105263158,202.380952380952,224.242424242424,220,162.790697674419,193.75,408.333333333333,187.5,177.5,94.5454545454545,165.714285714286,179.591836734694,176.923076923077,248.148148148148,340
2011-02-01,282.857142857143,228,148.717948717949,152.5,135.714285714286,154.054054054054,148.648648648649,188.571428571429,170.731707317073,171.153846153846,211.111111111111,163.888888888889,541.666666666667,291.304347826087,252,134,196.551724137931,170.588235294118,203.703703703704,306.666666666667,227.272727272727,226.470588235294,238.461538461538,353.333333333333,170,259.090909090909,182.352941176471,142.5,118.918918918919,183.333333333333,193.75,200,153.488372093023,175,391.666666666667,162.5,150,80,152.777777777778,168.75,169.230769230769,214.814814814815,280
2011-03-01,222.857142857143,200,171.794871794872,132.5,152.380952380952,140.540540540541,142.105263157895,162.857142857143,168.181818181818,100,211.111111111111,168.75,458.333333333333,225.925925925926,224,152,175.862068965517,170.588235294118,187.5,282.352941176471,240.909090909091,175,223.076923076923,360,141.176470588235,240.740740740741,161.290322580645,163.157894736842,105.405405405405,157.142857142857,178.787878787879,196.666666666667,151.162790697674,162.5,400,137.5,152.272727272727,69.0909090909091,137.142857142857,146.938775510204,143.589743589744,177.777777777778,295
2011-04-01,188.571428571429,192.592592592593,148.717948717949,137.5,142.857142857143,137.837837837838,142.105263157895,157.894736842105,141.463414634146,134.782608695652,203.703703703704,136.111111111111,350,237.037037037037,240,141.509433962264,193.548387096774,154.285714285714,174.074074074074,306.666666666667,213.636363636364,175,207.692307692308,329.411764705882,147.058823529412,231.818181818182,154.285714285714,151.282051282051,116.216216216216,166.666666666667,181.818181818182,186.666666666667,127.906976744186,153.125,314.285714285714,132.5,140,72.8813559322034,138.888888888889,140.816326530612,153.846153846154,157.894736842105,290
2011-05-01,214.285714285714,170.833333333333,135.897435897436,132.5,138.095238095238,124.324324324324,142.105263157895,165.714285714286,150,113.04347826087,203.703703703704,161.111111111111,500,262.962962962963,292,150,186.206896551724,162.857142857143,175,270.588235294118,204.545454545455,150,192.307692307692,352.941176470588,126.470588235294,216,147.058823529412,152.5,116.216216216216,161.904761904762,185.714285714286,176.666666666667,130.232558139535,156.25,291.666666666667,145,131.818181818182,72.7272727272727,134.285714285714,153.191489361702,135.897435897436,176.923076923077,280
2011-06-01,254.285714285714,188.888888888889,148.717948717949,131.707317073171,147.619047619048,148.648648648649,145.945945945946,177.142857142857,148.780487804878,134.782608695652,203.703703703704,169.444444444444,441.666666666667,262.962962962963,262.5,176,175,157.142857142857,187.5,276.470588235294,236.842105263158,202.941176470588,203.846153846154,364.285714285714,144.117647058824,204.545454545455,135.294117647059,123.076923076923,110.810810810811,173.809523809524,181.818181818182,196.666666666667,132.558139534884,156.25,335.714285714286,157.5,156.818181818182,76.3636363636364,120,175.510204081633,136.842105263158,296.153846153846,330
2011-07-01,271.428571428571,181.481481481481,174.358974358974,125,121.428571428571,133.333333333333,137.837837837838,180,131.707317073171,139.21568627451,196.296296296296,155.555555555556,450,252.173913043478,254.166666666667,152,158.823529411765,151.428571428571,187.5,282.352941176471,209.090909090909,208.823529411765,234.615384615385,300,132.5,220,148.387096774194,160.526315789474,108.108108108108,173.809523809524,182.142857142857,202.777777777778,127.906976744186,146.875,275,180,150,78.1818181818182,150,154.166666666667,138.461538461538,251.851851851852,295
2011-08-01,242.857142857143,191.666666666667,164.102564102564,124.390243902439,147.619047619048,143.243243243243,124.324324324324,175,115.909090909091,117.647058823529,196.296296296296,152.777777777778,466.666666666667,240.740740740741,256,128,165.51724137931,140.540540540541,187.5,270.588235294118,195.454545454545,182.352941176471,219.230769230769,350,147.5,195.454545454545,148.387096774194,144.736842105263,116.216216216216,150,178.787878787879,186.666666666667,134.883720930233,156.25,325,150,134.090909090909,80,116.666666666667,148.936170212766,139.53488372093,229.62962962963,290
2011-09-01,211.428571428571,159.259259259259,151.282051282051,115,133.333333333333,129.72972972973,127.027027027027,151.428571428571,95.1219512195122,104.347826086957,192.592592592593,127.777777777778,391.666666666667,200,237.5,118,138.235294117647,131.428571428571,175,241.176470588235,200,161.111111111111,180.769230769231,246.666666666667,105.882352941176,229.62962962963,141.935483870968,118.421052631579,105.405405405405,150,163.636363636364,186.666666666667,130.232558139535,146.875,314.285714285714,127.5,130,70.3703703703704,113.888888888889,136.170212765957,128.205128205128,166.666666666667,300
2011-10-01,200,133.333333333333,133.333333333333,107.5,114.285714285714,118.181818181818,113.513513513514,142.857142857143,97.7272727272727,106.521739130435,166.666666666667,147.222222222222,358.333333333333,212.5,212,118.867924528302,132.258064516129,134.285714285714,170.833333333333,217.647058823529,200,138.235294117647,184.615384615385,293.333333333333,138.235294117647,204,122.857142857143,123.076923076923,100,140.47619047619,153.571428571429,166.666666666667,111.627906976744,118.75,300,132.5,109.090909090909,63.6363636363636,102.857142857143,131.914893617021,115.384615384615,136.842105263158,260
2011-11-01,165.714285714286,133.333333333333,100,100,109.52380952381,105.555555555556,110.810810810811,131.428571428571,106.818181818182,80.3921568627451,159.259259259259,125,316.666666666667,191.304347826087,168,102,141.379310344828,117.142857142857,145.833333333333,217.647058823529,177.272727272727,120.588235294118,161.538461538462,292.857142857143,114.705882352941,196,119.354838709677,130.769230769231,94.5945945945946,126.190476190476,136.363636363636,143.333333333333,102.222222222222,121.875,300,110,109.090909090909,59.2592592592593,108.571428571429,114.285714285714,102.564102564103,169.230769230769,230
2011-12-01,177.142857142857,136,120.512820512821,100,107.142857142857,112.121212121212,105.405405405405,128.571428571429,93.1818181818182,82.6923076923077,148.148148148148,115.625,333.333333333333,170.833333333333,140,96,132.142857142857,102.857142857143,166.666666666667,188.235294117647,181.818181818182,135.294117647059,165.384615384615,188.235294117647,81.25,154.545454545455,100,130.769230769231,89.1891891891892,130.952380952381,131.25,130.555555555556,106.976744186047,118.75,316.666666666667,102.5,107.5,54.5454545454545,82.8571428571429,112.244897959184,102.564102564103,165.384615384615,215
2012-01-01,240,156,153.846153846154,120,126.190476190476,142.424242424242,137.837837837838,174.285714285714,129.268292682927,123.076923076923,200,138.888888888889,433.333333333333,233.333333333333,208.333333333333,128,180.645161290323,152.941176470588,175,270.588235294118,218.181818181818,130.555555555556,211.538461538462,278.571428571429,114.705882352941,196.296296296296,144.117647058824,146.153846153846,118.918918918919,166.666666666667,157.575757575758,172.222222222222,116.279069767442,150,308.333333333333,160,145,75.9259259259259,122.857142857143,153.061224489796,125.641025641026,177.777777777778,300
2012-02-01,225.714285714286,159.259259259259,125.641025641026,127.5,135.714285714286,127.027027027027,137.837837837838,169.444444444444,129.268292682927,119.565217391304,196.296296296296,136.111111111111,458.333333333333,245.833333333333,228,120,175.862068965517,152.941176470588,191.666666666667,241.176470588235,218.181818181818,186.111111111111,192.307692307692,300,135.294117647059,222.727272727273,148.571428571429,151.282051282051,121.621621621622,157.142857142857,165.625,160,125.581395348837,159.375,358.333333333333,165,152.272727272727,78.1818181818182,120,146.938775510204,123.076923076923,200,310
2012-03-01,237.142857142857,129.62962962963,128.205128205128,115,126.190476190476,127.027027027027,121.052631578947,142.857142857143,109.090909090909,101.960784313725,174.074074074074,127.777777777778,425,233.333333333333,192,94,178.571428571429,125.714285714286,166.666666666667,223.529411764706,209.090909090909,147.058823529412,153.846153846154,253.333333333333,117.647058823529,225.925925925926,132.258064516129,140,105.405405405405,145.238095238095,153.125,176.666666666667,118.604651162791,128.125,350,145,129.545454545455,63.6363636363636,97.1428571428571,128.571428571429,112.820512820513,170.37037037037,295
2012-04-01,220,120,123.076923076923,105,119.047619047619,130.555555555556,118.918918918919,140,117.073170731707,89.1304347826087,174.074074074074,130.555555555556,383.333333333333,237.5,244,98,178.571428571429,117.142857142857,159.259259259259,223.529411764706,190.909090909091,173.529411764706,153.846153846154,260,94.1176470588235,224,120.588235294118,112.820512820513,100,152.380952380952,156.25,143.333333333333,118.604651162791,140.625,378.571428571429,142.5,137.5,63.6363636363636,97.2222222222222,126.530612244898,105.128205128205,155.555555555556,305
2012-05-01,205.714285714286,116,97.4358974358974,95,102.380952380952,124.242424242424,116.216216216216,136.111111111111,106.818181818182,86.2745098039216,166.666666666667,111.111111111111,366.666666666667,240.740740740741,200,102,144.117647058824,120,154.166666666667,170.588235294118,168.181818181818,120.588235294118,161.538461538462,273.333333333333,78.125,181.818181818182,117.647058823529,120,102.702702702703,140.47619047619,139.393939393939,150,100,125,307.142857142857,127.5,113.636363636364,57.6271186440678,100,116.326530612245,92.1052631578947,174.074074074074,235
2012-06-01,222.857142857143,114.814814814815,130.769230769231,92.5,111.904761904762,122.222222222222,118.918918918919,128.571428571429,87.8048780487805,88.2352941176471,148.148148148148,130.555555555556,383.333333333333,165.217391304348,212,94.3396226415094,124.137931034483,122.857142857143,162.5,170.588235294118,150,173.529411764706,153.846153846154,333.333333333333,76.4705882352941,208,111.428571428571,97.4358974358974,97.2972972972973,140.47619047619,143.75,136.666666666667,88.8888888888889,128.125,364.285714285714,127.5,125,61.8181818181818,75,124.489795918367,94.7368421052632,146.153846153846,265
2012-07-01,200,120.833333333333,110.25641025641,102.439024390244,104.761904761905,133.333333333333,102.631578947368,138.888888888889,102.272727272727,95.6521739130435,170.37037037037,133.333333333333,358.333333333333,225,212,106,142.857142857143,128.571428571429,155.555555555556,200,172.727272727273,158.333333333333,165.384615384615,260,97.0588235294118,177.777777777778,129.032258064516,130.769230769231,94.7368421052632,150,154.545454545455,153.333333333333,104.651162790698,140.625,325,135,127.5,62.962962962963,120,132.65306122449,102.564102564103,170.37037037037,230
2012-08-01,180,114.814814814815,107.692307692308,92.5,88.0952380952381,135.135135135135,97.3684210526316,128.571428571429,68.2926829268293,67.3913043478261,166.666666666667,155.555555555556,350,188.888888888889,192,90,148.387096774194,113.888888888889,154.166666666667,188.235294117647,168.181818181818,135.294117647059,157.692307692308,246.666666666667,82.3529411764706,168.181818181818,123.529411764706,123.076923076923,94.5945945945946,140.47619047619,131.25,166.666666666667,102.702702702703,128.125,335.714285714286,130,115.384615384615,58.1818181818182,74.2857142857143,122.448979591837,93.0232558139535,234.615384615385,250
2012-09-01,174.285714285714,91.6666666666667,92.3076923076923,85.3658536585366,85.7142857142857,124.242424242424,100,111.111111111111,77.2727272727273,63.0434782608696,144.444444444444,105.555555555556,350,204.166666666667,188,74,117.857142857143,105.882352941176,141.666666666667,164.705882352941,150,122.222222222222,119.230769230769,235.714285714286,67.6470588235294,177.272727272727,120,107.5,86.4864864864865,116.666666666667,124.242424242424,136.666666666667,81.3953488372093,106.25,300,117.5,104.545454545455,54.5454545454545,66.6666666666667,118.367346938776,89.7435897435898,115.384615384615,205
2012-10-01,162.857142857143,96.2962962962963,79.4871794871795,80.4878048780488,78.5714285714286,97.2972972972973,94.7368421052632,102.857142857143,70.7317073170732,57.6923076923077,144.444444444444,102.777777777778,291.666666666667,156.521739130435,162.5,84.3137254901961,106.896551724138,97.1428571428571,116.666666666667,158.823529411765,154.545454545455,113.888888888889,123.076923076923,200,75,127.272727272727,100,92.1052631578947,71.0526315789474,116.666666666667,112.5,113.333333333333,79.0697674418605,93.75,208.333333333333,117.5,88.6363636363636,47.4576271186441,77.1428571428572,91.8367346938776,86.8421052631579,140.740740740741,185
2012-11-01,114.285714285714,81.4814814814815,82.051282051282,73.1707317073171,83.3333333333333,75.6756756756757,76.3157894736842,93.9393939393939,78.0487804878049,49.0196078431373,122.222222222222,84.6153846153846,225,120.833333333333,145.833333333333,80,79.3103448275862,77.1428571428572,95.8333333333333,135.294117647059,131.818181818182,100,126.086956521739,186.666666666667,67.6470588235294,150,77.4193548387097,77.5,60.5263157894737,100,100,94.4444444444444,60.4651162790698,87.5,200,97.5,75,45.4545454545455,51.4285714285714,93.6170212765958,82.051282051282,81.4814814814815,160
2012-12-01,122.857142857143,83.3333333333333,82.051282051282,68.2926829268293,80.9523809523809,51.3513513513513,75.6756756756757,88.5714285714286,48.780487804878,50.9803921568627,114.814814814815,88.8888888888889,258.333333333333,117.391304347826,128,62.2641509433962,119.354838709677,77.1428571428572,96.2962962962963,152.941176470588,127.272727272727,100,115.384615384615,206.666666666667,58.8235294117647,104,79.4117647058823,74.3589743589744,62.1621621621622,119.047619047619,96.4285714285714,96.6666666666667,65.1162790697674,90.625,185.714285714286,92.5,81.8181818181818,45.4545454545455,54.2857142857143,91.8367346938776,71.7948717948718,88.4615384615385,165
2013-01-01,168.571428571429,88.8888888888889,105.128205128205,85,95.2380952380952,91.8918918918919,110.526315789474,113.888888888889,81.8181818181818,71.7391304347826,170.37037037037,133.333333333333,366.666666666667,152.173913043478,200,90,124.137931034483,102.857142857143,145.833333333333,176.470588235294,145.454545454545,136.111111111111,153.846153846154,228.571428571429,67.6470588235294,172,100,105,86.8421052631579,133.333333333333,139.393939393939,163.333333333333,79.0697674418605,118.75,233.333333333333,120,118.181818181818,58.1818181818182,62.8571428571429,116.666666666667,97.3684210526316,146.153846153846,195
2013-02-01,162.857142857143,80,110.25641025641,75,95.2380952380952,110.810810810811,100,102.857142857143,100,73.0769230769231,155.555555555556,108.333333333333,316.666666666667,148.148148148148,204.166666666667,80,134.48275862069,100,129.62962962963,173.333333333333,150,120.588235294118,123.076923076923,193.333333333333,68.75,154.545454545455,96.7741935483871,95,81.0810810810811,123.809523809524,121.212121212121,130,86.046511627907,118.75,241.666666666667,110,113.636363636364,52.5423728813559,63.8888888888889,106.122448979592,89.7435897435898,185.185185185185,200
2013-03-01,171.428571428571,83.3333333333333,97.4358974358974,73.1707317073171,97.6190476190476,127.027027027027,89.1891891891892,105.714285714286,78.0487804878049,76.0869565217391,155.555555555556,108.333333333333,358.333333333333,166.666666666667,195.833333333333,96,128.571428571429,111.428571428571,137.037037037037,188.235294117647,159.090909090909,117.647058823529,142.307692307692,240,72.5,166.666666666667,112.903225806452,92.1052631578947,86.4864864864865,126.190476190476,140.625,156.666666666667,79.0697674418605,125,258.333333333333,115,106.818181818182,50.9090909090909,80,102.040816326531,90.6976744186046,142.307692307692,235
2013-04-01,174.285714285714,100,121.428571428571,82.9268292682927,90.4761904761905,108.333333333333,94.7368421052632,117.142857142857,97.5609756097561,82.6086956521739,166.666666666667,143.75,333.333333333333,191.304347826087,208.333333333333,103.77358490566,167.741935483871,110.810810810811,129.166666666667,188.235294117647,177.272727272727,133.333333333333,150,221.428571428571,88.2352941176471,181.818181818182,119.354838709677,87.5,89.1891891891892,133.333333333333,153.125,130,93.0232558139535,115.625,266.666666666667,115,109.090909090909,56.3636363636364,80.5555555555556,124.489795918367,102.564102564103,130.769230769231,235
2013-05-01,162.857142857143,76,87.1794871794872,63.4146341463415,83.3333333333333,102.702702702703,83.7837837837838,102.631578947368,72.7272727272727,59.6153846153846,144.444444444444,119.444444444444,291.666666666667,122.222222222222,184,78,103.571428571429,97.1428571428571,116.666666666667,152.941176470588,131.818181818182,123.529411764706,130.769230769231,157.142857142857,76.4705882352941,156,100,80,78.3783783783784,126.190476190476,127.272727272727,116.666666666667,65.1162790697674,112.5,275,115,95,47.4576271186441,65.7142857142857,97.9591836734694,84.2105263157895,159.259259259259,195
2013-06-01,171.428571428571,72,107.692307692308,60,76.1904761904762,102.777777777778,78.9473684210526,100,88,54.3478260869565,137.037037037037,113.888888888889,283.333333333333,170.833333333333,183.333333333333,101.88679245283,117.647058823529,85.7142857142857,107.407407407407,164.705882352941,136.363636363636,117.647058823529,123.076923076923,214.285714285714,67.6470588235294,131.818181818182,96.7741935483871,92.1052631578947,78.3783783783784,116.666666666667,130.30303030303,116.666666666667,74.4186046511628,112.5,250,102.5,100,49.0909090909091,72.2222222222222,100,82.051282051282,118.518518518519,190
2013-07-01,151.428571428571,74.0740740740741,89.7435897435898,58.5365853658537,85.7142857142857,121.621621621622,91.8918918918919,94.2857142857143,65.9090909090909,56.8627450980392,133.333333333333,118.75,316.666666666667,162.962962962963,170.833333333333,70.5882352941177,134.48275862069,97.2972972972973,129.166666666667,158.823529411765,122.727272727273,111.111111111111,130.769230769231,205.882352941176,50,152,100,94.8717948717949,83.7837837837838,123.809523809524,127.272727272727,116.666666666667,31.1111111111111,96.875,257.142857142857,92.5,86.3636363636364,49.1525423728814,57.1428571428571,81.6326530612245,71.7948717948718,140.740740740741,190
2013-08-01,128.571428571429,66.6666666666667,100,54.5454545454545,73.8095238095238,113.513513513514,89.1891891891892,88.5714285714286,73.1707317073171,52.9411764705882,129.62962962963,102.777777777778,275,133.333333333333,160,83.0188679245283,107.142857142857,105.882352941176,122.222222222222,141.176470588235,113.636363636364,91.6666666666667,119.230769230769,186.666666666667,43.75,132,103.225806451613,77.5,78.9473684210526,114.285714285714,118.75,100,34.8837209302326,93.75,264.285714285714,105,81.8181818181818,44.0677966101695,47.2222222222222,79.5918367346939,72.0930232558139,114.814814814815,180
2013-09-01,125.714285714286,56,94.8717948717949,52.5,64.2857142857143,94.5945945945946,75.6756756756757,82.8571428571429,53.6585365853659,46.1538461538462,122.222222222222,88.8888888888889,216.666666666667,108.333333333333,128,76,96.7741935483871,91.8918918918919,108.333333333333,146.666666666667,113.636363636364,94.4444444444444,107.692307692308,150,38.2352941176471,109.090909090909,88.5714285714286,72.5,72.972972972973,92.8571428571429,106.060606060606,100,25.5813953488372,90.625,307.142857142857,97.5,84.0909090909091,40.6779661016949,41.6666666666667,75,61.5384615384615,85.1851851851852,150
2013-10-01,102.857142857143,55.5555555555556,69.2307692307692,46.3414634146341,59.5238095238095,100,72.972972972973,72.2222222222222,65.9090909090909,41.1764705882353,111.111111111111,72.2222222222222,208.333333333333,118.518518518519,120.833333333333,68,94.1176470588235,91.1764705882353,100,133.333333333333,104.545454545455,63.8888888888889,103.846153846154,142.857142857143,44.1176470588235,122.222222222222,87.0967741935484,65,75.6756756756757,90.4761904761905,93.75,76.6666666666667,20.9302325581395,87.5,164.285714285714,85,68.1818181818182,38.1818181818182,44.4444444444444,75.5102040816327,64.1025641025641,103.703703703704,150
2013-11-01,111.428571428571,55.5555555555556,74.3589743589744,43.9024390243902,57.1428571428571,90.9090909090909,68.4210526315789,71.4285714285714,48.780487804878,36.5384615384615,96.2962962962963,61.1111111111111,250,107.407407407407,104.166666666667,56.8627450980392,90.3225806451613,82.3529411764706,92.5925925925926,100,81.8181818181818,63.8888888888889,88.4615384615385,146.666666666667,37.5,86.3636363636364,82.8571428571429,58.974358974359,67.5675675675676,88.0952380952381,84.375,73.3333333333333,18.6046511627907,81.25,158.333333333333,82.5,63.6363636363636,34.5454545454545,40,71.4285714285714,55.8139534883721,84.6153846153846,135
2013-12-01,100,45.8333333333333,61.5384615384615,42.5,40.4761904761905,80.5555555555556,65.7894736842105,61.1111111111111,48.780487804878,41.1764705882353,92.5925925925926,66.6666666666667,216.666666666667,91.304347826087,104.166666666667,54.9019607843137,82.7586206896552,74.2857142857143,85.1851851851852,93.3333333333333,86.3636363636364,61.1111111111111,80.7692307692308,111.764705882353,29.4117647058824,88,77.1428571428572,65,56.7567567567568,80.9523809523809,69.6969696969697,63.3333333333333,18.6046511627907,71.875,143.75,75,59.0909090909091,33.8983050847458,41.6666666666667,65.9574468085106,56.4102564102564,53.8461538461538,130
2014-01-01,131.428571428571,64,94.8717948717949,51.219512195122,71.4285714285714,108.108108108108,81.0810810810811,80.5555555555556,63.4146341463415,57.6923076923077,114.814814814815,88.8888888888889,241.666666666667,143.478260869565,152,86,107.142857142857,102.857142857143,108.333333333333,123.529411764706,113.636363636364,86.1111111111111,119.230769230769,192.857142857143,41.1764705882353,114.814814814815,96.7741935483871,95,72.972972972973,114.285714285714,100,103.333333333333,31.1111111111111,106.25,150,102.5,84.0909090909091,46.2962962962963,60,87.5,71.0526315789474,92.5925925925926,165
2014-02-01,142.857142857143,54.1666666666667,89.7435897435898,53.6585365853659,64.2857142857143,102.777777777778,78.9473684210526,75,75,54.3478260869565,118.518518518519,86.1111111111111,258.333333333333,100,154.166666666667,75.4716981132076,150,88.5714285714286,103.703703703704,117.647058823529,109.090909090909,97.2222222222222,107.692307692308,166.666666666667,37.5,155.555555555556,90.3225806451613,82.051282051282,73.6842105263158,97.6190476190476,100,96.6666666666667,26.6666666666667,100,242.857142857143,92.5,77.2727272727273,41.8181818181818,60,82.9787234042553,71.0526315789474,103.703703703704,170
2014-03-01,157.142857142857,54.1666666666667,94.8717948717949,52.5,61.9047619047619,110.810810810811,76.3157894736842,74.2857142857143,63.6363636363636,45.0980392156863,118.518518518519,80.5555555555556,266.666666666667,118.518518518519,137.5,80,138.235294117647,89.1891891891892,111.111111111111,129.411764705882,109.090909090909,86.1111111111111,115.384615384615,205.882352941176,30,132,94.1176470588235,92.1052631578947,75.6756756756757,97.6190476190476,112.121212121212,94.4444444444444,25.5813953488372,106.25,242.857142857143,87.5,71.1538461538462,43.6363636363636,54.2857142857143,85.1063829787234,74.3589743589744,84.6153846153846,170
2014-04-01,122.857142857143,48.1481481481481,84.6153846153846,46.3414634146341,66.6666666666667,110.810810810811,78.3783783783784,69.4444444444444,68.1818181818182,48.0769230769231,118.518518518519,91.6666666666667,250,104.166666666667,133.333333333333,68,132.258064516129,100,108.333333333333,123.529411764706,118.181818181818,85.2941176470588,92.3076923076923,173.333333333333,37.5,136,97.1428571428571,84.2105263157895,78.3783783783784,95.2380952380952,100,86.6666666666667,24.4444444444444,106.25,214.285714285714,87.5,77.5,41.8181818181818,55.5555555555556,70.8333333333333,68.4210526315789,144.444444444444,170
2014-05-01,117.142857142857,50,84.6153846153846,43.9024390243902,52.3809523809524,75.6756756756757,73.6842105263158,68.5714285714286,54.5454545454545,43.1372549019608,100,80.5555555555556,200,88.8888888888889,132,68,126.470588235294,91.4285714285714,96.2962962962963,117.647058823529,90.9090909090909,82.3529411764706,103.846153846154,146.666666666667,35.2941176470588,120,100,82.5,73.6842105263158,88.0952380952381,96.875,88.8888888888889,25.5813953488372,96.875,214.285714285714,90,68.1818181818182,43.6363636363636,47.2222222222222,65.9574468085106,69.2307692307692,92.3076923076923,140
2014-06-01,134.285714285714,56,89.7435897435898,43.9024390243902,59.5238095238095,94.5945945945946,76.3157894736842,77.1428571428572,63.6363636363636,52.9411764705882,111.111111111111,83.3333333333333,300,112.5,154.166666666667,82,108.823529411765,97.0588235294118,100,111.764705882353,90.9090909090909,97.0588235294118,107.692307692308,164.285714285714,34.375,104,102.941176470588,75,78.3783783783784,100,106.060606060606,94.4444444444444,15.5555555555556,112.5,192.857142857143,90,77.2727272727273,42.3728813559322,48.5714285714286,67.3469387755102,63.1578947368421,92.5925925925926,135
2014-07-01,145.714285714286,60,84.6153846153846,47.5,57.1428571428571,108.888888888889,81.0810810810811,73.6842105263158,60,54.9019607843137,111.111111111111,80.5555555555556,308.333333333333,116.666666666667,141.666666666667,79.2452830188679,121.428571428571,91.8918918918919,104.166666666667,117.647058823529,95.4545454545455,119.444444444444,100,180,38.2352941176471,125.925925925926,103.225806451613,82.051282051282,78.3783783783784,109.52380952381,103.030303030303,100,23.2558139534884,106.25,225,97.5,70.4545454545455,42.3728813559322,55.5555555555556,48.936170212766,58.974358974359,129.62962962963,140
2014-08-01,137.142857142857,52,74.3589743589744,45,54.7619047619048,110.810810810811,72.972972972973,71.4285714285714,40.9090909090909,47.0588235294118,103.703703703704,83.3333333333333,191.666666666667,104.166666666667,116,60,121.428571428571,91.1764705882353,95.8333333333333,105.882352941176,81.8181818181818,82.3529411764706,104,166.666666666667,32.5,118.518518518519,97.1428571428571,81.5789473684211,75.6756756756757,97.6190476190476,96.4285714285714,83.3333333333333,25.5813953488372,106.25,225,87.5,68.1818181818182,40,65.7142857142857,43.75,60.4651162790698,100,130
2014-09-01,117.142857142857,44.4444444444444,74.3589743589744,45,52.3809523809524,82.2222222222222,65.7894736842105,65.7142857142857,36.5853658536585,50,100,77.7777777777778,208.333333333333,104.347826086957,112,64,107.142857142857,75,95.8333333333333,117.647058823529,81.8181818181818,80.5555555555556,88.4615384615385,170.588235294118,37.5,104.545454545455,100,66.6666666666667,75.6756756756757,88.0952380952381,93.75,75,27.027027027027,93.75,183.333333333333,80,63.6363636363636,37.2881355932203,48.5714285714286,42.5531914893617,51.2820512820513,103.846153846154,115
2014-10-01,114.285714285714,41.6666666666667,58.974358974359,42.5,52.3809523809524,88.8888888888889,67.5675675675676,61.1111111111111,38.6363636363636,45.6521739130435,96.2962962962963,77.7777777777778,175,76.4705882352941,108,58,96.7741935483871,82.8571428571429,92.5925925925926,105.882352941176,86.3636363636364,81.4814814814815,96,157.142857142857,38.2352941176471,100,90.3225806451613,65.7894736842105,75.6756756756757,83.3333333333333,81.8181818181818,86.6666666666667,20.9302325581395,81.25,164.285714285714,77.5,60.8695652173913,38.1818181818182,40,37.5,51.1627906976744,88.8888888888889,125
2014-11-01,85.7142857142857,41.6666666666667,64.1025641025641,40,42.8571428571429,77.7777777777778,62.1621621621622,51.4285714285714,39.0243902439024,25,85.1851851851852,58.974358974359,183.333333333333,66.6666666666667,84,58,87.0967741935484,82.8571428571429,75,94.1176470588235,86.3636363636364,61.7647058823529,73.0769230769231,171.428571428571,26.4705882352941,76,74.2857142857143,65.7894736842105,67.5675675675676,73.8095238095238,71.875,73.3333333333333,16.2790697674419,75,141.666666666667,65,56.8181818181818,32.7272727272727,42.8571428571429,33.9285714285714,50,73.0769230769231,110
2014-12-01,88.5714285714286,40,48.7179487179487,37.5,42.8571428571429,94.4444444444444,57.8947368421053,51.4285714285714,34.0909090909091,31.8840579710145,81.4814814814815,61.1111111111111,183.333333333333,69.5652173913043,95.8333333333333,54,96.551724137931,74.2857142857143,81.4814814814815,88.2352941176471,77.2727272727273,67.6470588235294,84.6153846153846,142.857142857143,27.5,100,74.2857142857143,70,59.4594594594595,71.4285714285714,69.6969696969697,66.6666666666667,17.1428571428571,78.125,133.333333333333,57.5,52.5,32.2033898305085,42.8571428571429,30.6122448979592,51.2820512820513,96.1538461538462,110
2015-01-01,131.428571428571,56,76.9230769230769,48.780487804878,54.7619047619048,105.405405405405,68.4210526315789,71.4285714285714,46.3414634146341,50,100,83.3333333333333,225,87.5,129.166666666667,67.9245283018868,116.129032258065,94.5945945945946,95.8333333333333,105.882352941176,100,82.3529411764706,88.4615384615385,182.352941176471,38.2352941176471,112,96.7741935483871,71.0526315789474,78.3783783783784,97.6190476190476,84.8484848484848,100,23.2558139534884,103.125,158.333333333333,87.5,63.6363636363636,40,51.4285714285714,38.2978723404255,58.974358974359,81.4814814814815,145
2015-02-01,111.428571428571,52,61.5384615384615,48.780487804878,59.5238095238095,91.8918918918919,67.5675675675676,60.5263157894737,39.0243902439024,49.0196078431373,96.2962962962963,80.5555555555556,250,103.703703703704,120,69.811320754717,107.142857142857,85.2941176470588,100,105.882352941176,104.545454545455,76.4705882352941,100,171.428571428571,32.3529411764706,116,100,78.9473684210526,76.3157894736842,85.7142857142857,84.375,90,26.6666666666667,93.75,175,65,63.6363636363636,38.1818181818182,48.5714285714286,33.3333333333333,64.1025641025641,96.1538461538462,145
2015-03-01,105.714285714286,59.2592592592593,76.9230769230769,50,61.9047619047619,96.969696969697,68.4210526315789,63.1578947368421,41.4634146341463,50,100,69.4444444444444,266.666666666667,103.703703703704,104.166666666667,66,111.764705882353,94.1176470588235,112.5,106.666666666667,109.090909090909,94.1176470588235,103.846153846154,157.142857142857,38.2352941176471,128,97.0588235294118,76.9230769230769,81.0810810810811,80.9523809523809,90.625,93.3333333333333,23.2558139534884,109.375,158.333333333333,67.5,63.6363636363636,41.8181818181818,55.5555555555556,30.6122448979592,60.5263157894737,100,150
2015-04-01,117.142857142857,51.8518518518518,64.1025641025641,47.7272727272727,66.6666666666667,90.9090909090909,64.8648648648649,62.8571428571429,54.5454545454545,54.9019607843137,96.2962962962963,69.4444444444444,225,104.166666666667,125,58.8235294117647,134.48275862069,85.2941176470588,116.666666666667,105.882352941176,95.4545454545455,76.4705882352941,100,147.058823529412,35,156,91.4285714285714,71.7948717948718,78.3783783783784,80.9523809523809,87.5,86.6666666666667,25.5813953488372,96.875,183.333333333333,70,60.8695652173913,40.6779661016949,54.2857142857143,35.4166666666667,55.3191489361702,92.5925925925926,140
2015-05-01,125.714285714286,48.1481481481481,66.6666666666667,46.3414634146341,47.9166666666667,78.3783783783784,65.7894736842105,63.1578947368421,51.219512195122,39.2156862745098,92.5925925925926,75,241.666666666667,74.0740740740741,120,60.7843137254902,93.1034482758621,80,88.8888888888889,100,81.8181818181818,67.6470588235294,84.6153846153846,121.428571428571,33.3333333333333,100,85.7142857142857,84.2105263157895,70.2702702702703,83.3333333333333,87.8787878787879,80,30.2325581395349,87.5,185.714285714286,70,59.0909090909091,37.2881355932203,58.3333333333333,30.6122448979592,53.8461538461538,77.7777777777778,125
2015-06-01,145.714285714286,51.8518518518518,71.7948717948718,43.9024390243902,57.1428571428571,100,65.7894736842105,60,50,39.2156862745098,85.1851851851852,77.7777777777778,216.666666666667,100,120.833333333333,84.9056603773585,114.705882352941,80,91.6666666666667,100,100,126.470588235294,84.6153846153846,142.857142857143,32.5,118.518518518519,100,97.4358974358974,81.0810810810811,83.3333333333333,78.125,83.3333333333333,31.1111111111111,96.875,183.333333333333,70,68.1818181818182,38.1818181818182,34.2857142857143,32.6530612244898,58.974358974359,94.7368421052632,135
2015-07-01,148.571428571429,52,64.4444444444444,42.5,52.3809523809524,100,64.8648648648649,65.7894736842105,65.8536585365854,23.9130434782609,92.5925925925926,75,241.666666666667,79.1666666666667,132,75.4716981132076,102.941176470588,91.1764705882353,95.8333333333333,111.764705882353,100,88.2352941176471,96,170.588235294118,32.3529411764706,113.636363636364,100,74.3589743589744,81.0810810810811,88.0952380952381,93.9393939393939,83.3333333333333,25.5813953488372,96.875,183.333333333333,65,70.4545454545455,38.9830508474576,51.4285714285714,72.9166666666667,64.1025641025641,126.923076923077,130
2015-08-01,111.428571428571,50,74.3589743589744,42.5,54.7619047619048,106.060606060606,60.5263157894737,57.1428571428571,58.5365853658537,45.6521739130435,88.8888888888889,61.1111111111111,216.666666666667,95.6521739130435,112,75.4716981132076,107.142857142857,91.4285714285714,100,105.882352941176,90.9090909090909,76.4705882352941,100,150,37.5,96,112.903225806452,69.2307692307692,78.3783783783784,85.7142857142857,78.7878787878788,83.3333333333333,27.906976744186,90.625,175,62.5,56.8181818181818,38.1818181818182,28.5714285714286,71.4285714285714,53.8461538461538,96.1538461538462,105
2015-09-01,100,48,38.4615384615385,40,42.8571428571429,94.4444444444444,56.7567567567568,58.3333333333333,50,34.6153846153846,74.0740740740741,55.5555555555556,208.333333333333,87.5,108,56,86.2068965517241,74.2857142857143,92.5925925925926,100,104.545454545455,81.4814814814815,69.2307692307692,126.666666666667,32.3529411764706,107.407407407407,90.3225806451613,56.4102564102564,72.972972972973,76.1904761904762,75,66.6666666666667,23.2558139534884,84.375,158.333333333333,60,50,32.2033898305085,36.1111111111111,59.1836734693878,51.2820512820513,88.8888888888889,95
2015-10-01,105.714285714286,44.4444444444444,46.1538461538462,36.5853658536585,47.6190476190476,72.2222222222222,50,52.7777777777778,45.4545454545455,30.7692307692308,74.0740740740741,58.3333333333333,133.333333333333,58.3333333333333,84,50,89.2857142857143,67.5675675675676,81.4814814814815,88.2352941176471,81.8181818181818,61.1111111111111,68,135.294117647059,26.4705882352941,89.4736842105263,91.1764705882353,55,67.5675675675676,66.6666666666667,68.75,83.3333333333333,18.75,78.125,141.666666666667,57.5,52.2727272727273,32.2033898305085,37.1428571428571,57.1428571428571,47.3684210526316,74.0740740740741,85
2015-11-01,88.5714285714286,37.5,58.974358974359,32.5,42.8571428571429,75.6756756756757,48.6486486486487,47.2222222222222,50,26.0869565217391,70.3703703703704,51.7241379310345,150,43.4782608695652,76,49.0196078431373,61.7647058823529,65.7142857142857,81.4814814814815,80,68.1818181818182,67.6470588235294,65.3846153846154,105.882352941176,26.4705882352941,90.9090909090909,80.6451612903226,55,60,59.5238095238095,59.375,73.3333333333333,10.8108108108108,71.875,116.666666666667,57.5,48.0769230769231,29.0909090909091,31.4285714285714,53.0612244897959,46.1538461538462,52.6315789473684,85
2015-12-01,94.2857142857143,33.3333333333333,56.4102564102564,32.5,42.8571428571429,69.4444444444444,44.7368421052632,45.4545454545455,51.219512195122,27.4509803921569,70.3703703703704,51.2820512820513,158.333333333333,20.8333333333333,88,54.9019607843137,52.9411764705882,57.1428571428571,77.7777777777778,73.3333333333333,63.1578947368421,64.7058823529412,61.5384615384615,92.8571428571429,25.9259259259259,72,74.2857142857143,61.5384615384615,60.5263157894737,54.7619047619048,53.125,60,13.5135135135135,65.625,100,55,50,30.9090909090909,27.7777777777778,57.4468085106383,46.1538461538462,53.8461538461538,85
2016-01-01,111.428571428571,41.6666666666667,79.4871794871795,42.5,45.2380952380952,93.9393939393939,55.2631578947368,61.1111111111111,54.5454545454545,39.2156862745098,85.1851851851852,69.4444444444444,183.333333333333,50,128,62,87.0967741935484,72.2222222222222,100,100,78.9473684210526,83.3333333333333,100,141.176470588235,30,107.407407407407,91.1764705882353,81.5789473684211,78.3783783783784,78.5714285714286,75.7575757575758,96.6666666666667,20,84.375,221.428571428571,70,61.3636363636364,38.9830508474576,44.4444444444444,62.5,55.8139534883721,80.7692307692308,125
2016-02-01,102.857142857143,44,64.1025641025641,37.5,47.9166666666667,83.7837837837838,54.0540540540541,62.8571428571429,43.9024390243902,42.3076923076923,85.1851851851852,65.625,200,25,129.166666666667,62,106.896551724138,70.2702702702703,92.5925925925926,100,86.3636363636364,66.6666666666667,73.0769230769231,170.588235294118,30,104,94.2857142857143,71.0526315789474,81.5789473684211,72.5,72.7272727272727,90,20.9302325581395,84.375,216.666666666667,65,54.5454545454545,35.5932203389831,45.7142857142857,64.2857142857143,61.5384615384615,65.3846153846154,120
2016-03-01,105.714285714286,44,58.974358974359,39.0243902439024,52.3809523809524,94.5945945945946,52.6315789473684,52.7777777777778,56.8181818181818,34.7826086956522,85.1851851851852,68.75,225,40.7407407407407,112,54,100,76.4705882352941,100,94.1176470588235,90.9090909090909,77.7777777777778,92,164.285714285714,25,112,103.225806451613,66.6666666666667,75.6756756756757,71.4285714285714,72.7272727272727,60,17.7777777777778,87.5,208.333333333333,57.5,57.5,32.7272727272727,45.7142857142857,70.2127659574468,55.2631578947368,81.4814814814815,115
2016-04-01,102.857142857143,44,56.4102564102564,41.4634146341463,50,89.1891891891892,54.0540540540541,52.7777777777778,47.7272727272727,40.3846153846154,81.4814814814815,66.6666666666667,233.333333333333,37.037037037037,104,64,96.551724137931,71.4285714285714,103.703703703704,94.1176470588235,77.2727272727273,63.8888888888889,65.3846153846154,166.666666666667,37.5,116,97.0588235294118,73.6842105263158,67.5675675675676,71.4285714285714,75,73.3333333333333,20.9302325581395,90.625,183.333333333333,57.5,56.8181818181818,36.3636363636364,54.2857142857143,69.3877551020408,55.2631578947368,80.7692307692308,110
2016-05-01,94.2857142857143,45.8333333333333,66.6666666666667,39.0243902439024,41.6666666666667,86.1111111111111,50,54.2857142857143,52.2727272727273,36.5384615384615,77.7777777777778,68.75,191.666666666667,39.1304347826087,116,58,68.9655172413793,72.972972972973,88.8888888888889,100,77.2727272727273,77.7777777777778,88,106.666666666667,25.9259259259259,84,91.1764705882353,56.4102564102564,67.5675675675676,66.6666666666667,75,80,15.5555555555556,87.5,208.333333333333,65,56.8181818181818,33.3333333333333,37.1428571428571,65.3061224489796,55.8139534883721,111.538461538462,110
2016-06-01,111.428571428571,44.4444444444444,51.2820512820513,37.5,47.6190476190476,83.7837837837838,51.3513513513513,55.5555555555556,56.0975609756098,29.4117647058824,77.7777777777778,65.625,175,34.7826086956522,104,75.4716981132076,90.3225806451613,73.5294117647059,85.1851851851852,88.2352941176471,73.6842105263158,79.4117647058823,84,171.428571428571,26.4705882352941,118.518518518519,88.5714285714286,69.2307692307692,75.6756756756757,71.4285714285714,72.7272727272727,86.6666666666667,17.7777777777778,90.625,175,65,56.8181818181818,34.5454545454545,45.7142857142857,64.5833333333333,46.5116279069767,114.814814814815,120
2016-07-01,105.714285714286,41.6666666666667,43.5897435897436,40,50,100,51.3513513513513,55.5555555555556,52.2727272727273,31.3725490196078,81.4814814814815,69.4444444444444,183.333333333333,39.1304347826087,100,60,90.3225806451613,73.5294117647059,91.6666666666667,93.3333333333333,68.1818181818182,82.3529411764706,88,100,31.25,104,90.3225806451613,56.4102564102564,72.972972972973,71.4285714285714,71.875,72.2222222222222,18.6046511627907,93.75,216.666666666667,65,50,32.2033898305085,37.1428571428571,65.9574468085106,46.1538461538462,80.7692307692308,115
2016-08-01,105.714285714286,44.4444444444444,46.1538461538462,39.0243902439024,47.6190476190476,94.5945945945946,45.945945945946,51.5151515151515,43.9024390243902,42.3076923076923,74.0740740740741,53.8461538461538,175,44.4444444444444,100,54.9019607843137,100,75.6756756756757,95.8333333333333,94.1176470588235,68.1818181818182,67.6470588235294,69.2307692307692,133.333333333333,32.3529411764706,72,100,66.6666666666667,78.3783783783784,67.5,71.875,73.3333333333333,20,87.5,133.333333333333,62.5,45.6521739130435,31.4814814814815,40,61.7021276595745,46.8085106382979,73.0769230769231,115
2016-09-01,88.5714285714286,44,48.7179487179487,35,26.1904761904762,72.2222222222222,45.945945945946,45.7142857142857,56.0975609756098,32.6923076923077,66.6666666666667,38.4615384615385,108.333333333333,55.5555555555556,88,48,82.1428571428571,60,74.0740740740741,70.5882352941177,63.6363636363636,70.3703703703704,61.5384615384615,105.882352941176,26.4705882352941,81.4814814814815,82.8571428571429,70,67.5675675675676,54.7619047619048,60.6060606060606,56.6666666666667,25.5813953488372,71.875,171.428571428571,50,47.5,27.7777777777778,30.5555555555556,53.1914893617021,46.1538461538462,50,90
2016-10-01,71.4285714285714,41.6666666666667,40,25,35.7142857142857,72.2222222222222,40.5405405405405,47.3684210526316,45.4545454545455,31.3725490196078,62.962962962963,50,133.333333333333,54.1666666666667,75,40,67.741935483871,59.4594594594595,79.1666666666667,70.5882352941177,68.1818181818182,66.6666666666667,65.3846153846154,146.666666666667,20,90.9090909090909,76.4705882352941,56.4102564102564,67.5675675675676,52.3809523809524,51.5151515151515,58.3333333333333,21.6216216216216,68.75,133.333333333333,45,41.304347826087,27.2727272727273,37.1428571428571,44.8979591836735,41.8604651162791,55.5555555555556,80
2016-11-01,60.9117647058824,37.0476190476191,37.1794871794872,27.5,31.25,62.8992628992629,42.992992992993,38.4210526315789,35.2549889135255,32.0889894419306,53.7037037037037,41.1458333333333,116.666666666667,39.1203703703704,65,45.7910014513788,73.4787018255578,52.1848739495798,77.4509803921569,69.0196078431373,54.5454545454545,46.4705882352941,55.25,109.52380952381,17.5668449197861,75.037037037037,72.9953917050691,46.693657219973,64.8848684210526,46.3095238095238,52.54329004329,51.6666666666667,19.8401162790698,55.3631756756757,97.9166666666667,38.75,38.7237762237762,21.0785824345146,32.4603174603175,45.7256838905775,38.3414932680539,56.4814814814815,77.2727272727273
2016-12-01,29.4117647058824,32,33.3333333333333,27.5,35.7142857142857,48.8888888888889,44.4444444444444,42.4242424242424,39.0243902439024,21.1538461538462,53.3333333333333,40.625,133.333333333333,54.1666666666667,80,64.5161290322581,74.1935483870968,54.2857142857143,94.4444444444444,58.8235294117647,42.8571428571429,44.4444444444444,68,106.666666666667,14.7058823529412,72,64.7058823529412,47.3684210526316,65.625,50,48.4848484848485,66.6666666666667,23.2558139534884,48.6486486486487,133.333333333333,35,36.9565217391304,18.1818181818182,23.5294117647059,44.6428571428571,34.2105263157895,66.6666666666667,54.5454545454545
2017-01-01,85.0703324808184,48.4126984126984,43.6868686868687,34.5454545454545,53.6866359447005,60.6918238993711,49.0409764603313,56.8181818181818,60.390243902439,22.4080267558528,71.8518518518518,63.6494252873563,131.666666666667,72.463768115942,143.055555555556,76.019476567255,72.1062618595825,74.8015873015873,119.934640522876,84.1666666666667,78.5714285714286,72.4444444444444,74.0760869565217,87.0967741935484,24.7159090909091,96.2727272727273,92.6470588235294,58.2915622389307,80.8388157894737,76.9354838709677,70.3125,66.6666666666667,23.8501291989664,76.5224358974359,134.770114942529,51.551724137931,50.9615384615385,22.1280602636535,31.781045751634,51.9300911854103,48.1007751937984,58.9387464387464,100.909090909091
2017-02-01,41.1764705882353,52.3809523809524,37.7777777777778,36.3636363636364,70.9677419354839,54.7169811320755,43.2432432432432,36.8421052631579,39.0243902439024,21.7391304347826,74.0740740740741,72.4137931034483,72,70.3703703703704,75,60.377358490566,76.4705882352941,75,116.666666666667,100,60.7142857142857,46,57.5,100,28.125,88,96.2962962962963,68.4210526315789,76.3157894736842,70,65.625,83.3333333333333,28.8888888888889,78.125,58.6206896551724,46.551724137931,51.9230769230769,22.0338983050847,27.4509803921569,63.8297872340426,48.8372093023256,88.8888888888889,86.3636363636364
